📝 [16:21:48] [NAVEGADOR]: 📦 [ARQUIVO]: chart.js carregado em 48ms (0 KB)
📝 [16:21:48] [NAVEGADOR]: 📦 [ARQUIVO]: system-controls.js carregado em 49ms (0 KB)
📝 [16:21:48] [NAVEGADOR]: 📦 [ARQUIVO]: recaptcha__pt_br.js carregado em 58ms (0 KB)
📝 [16:21:48] [NAVEGADOR]: 🏗️ [DOM]: Estrutura básica carregada. Iniciando montagem do motor...
📝 [16:21:48] [NAVEGADOR]: 📦 [ARQUIVO]: SEGOEUISL-Cf5d3PPb.TTF carregado em 99ms (0 KB)
📝 [16:21:48] [NAVEGADOR]: 📦 [ARQUIVO]: SEGOEUIB-DczJKTk6.TTF carregado em 98ms (0 KB)
📝 [16:21:48] [NAVEGADOR]: 📦 [ARQUIVO]: js?id=G-CQ7FFRD2SQ carregado em 349ms (0 KB)
📝 [16:21:48] [NAVEGADOR]: 🏁 [SISTEMA]: Todos os arquivos base foram baixados. O motor está em ignição!
📝 [16:21:48] [NAVEGADOR]: 📦 [ARQUIVO]: NQFUT carregado em 196ms (0 KB)
📝 [16:21:48] [NAVEGADOR]: 📦 [ARQUIVO]: favicon.ico carregado em 4ms (0 KB)
📝 [16:21:48] [NAVEGADOR]: 📦 [ARQUIVO]: collect?v=2&tid=G-CQ7FFRD2SQ&gtm=45je65l0v884823007za200zd884823007&_p=1779823308543&gcd=13l3l3l3l1l1&npa=0&dma=0&_eu=AAAAAAQ&are=1&cid=1006347174.1779721657&frm=0&pscdl=noapi&rcb=3&sr=1366x768&uaa=x86&uab=64&uafvl=Chromium%3B148.0.7778.180%7CMicrosoft%2520Edge%3B148.0.3967.83%7CNot%252FA)Brand%3B99.0.0.0&uam=&uamb=0&uap=Windows&uapv=19.0.0&uaw=0&ul=pt-br&_s=1&tag_exp=0~115616985~115938466~115938468~119034493&sid=1779823308&sct=13&seg=0&dl=http%3A%2F%2Flocalhost%2FGrafico%2Findex.html&dt=Gr%C3%A1ficoFootPrint&en=page_view&_ss=1&_ee=1&tfd=2166 carregado em 172ms (0 KB)
📝 [16:40:15] [NAVEGADOR]: 📦 [ARQUIVO]: WINFUT carregado em 773ms (125 KB)
📝 [16:40:16] [NAVEGADOR]: 🏗️ [DOM]: Estrutura básica carregada. Iniciando montagem do motor...
📝 [16:40:16] [NAVEGADOR]: 📦 [ARQUIVO]: fonts.css carregado em 21ms (0 KB)
📝 [16:40:16] [NAVEGADOR]: 📦 [ARQUIVO]: app.css?v=fresh_layout carregado em 24ms (0 KB)
📝 [16:40:16] [NAVEGADOR]: 📦 [ARQUIVO]: modal.css carregado em 29ms (0 KB)
📝 [16:40:16] [NAVEGADOR]: 📦 [ARQUIVO]: web.dv.js carregado em 32ms (0 KB)
📝 [16:40:16] [NAVEGADOR]: 📦 [ARQUIVO]: WebSocket.js carregado em 54ms (0 KB)
📝 [16:40:16] [NAVEGADOR]: 📦 [ARQUIVO]: web.cs.js carregado em 37ms (0 KB)
📝 [16:40:16] [NAVEGADOR]: 📦 [ARQUIVO]: filters.js carregado em 35ms (0 KB)
📝 [16:40:16] [NAVEGADOR]: 📦 [ARQUIVO]: modal.js carregado em 60ms (0 KB)
📝 [16:40:16] [NAVEGADOR]: 📦 [ARQUIVO]: tabs.js carregado em 58ms (0 KB)
📝 [16:40:16] [NAVEGADOR]: 📦 [ARQUIVO]: chart.js carregado em 62ms (0 KB)
📝 [16:40:16] [NAVEGADOR]: 📦 [ARQUIVO]: recaptcha__pt_br.js carregado em 43ms (0 KB)
📝 [16:40:16] [NAVEGADOR]: 📦 [ARQUIVO]: system-controls.js carregado em 63ms (0 KB)
📝 [16:40:16] [NAVEGADOR]: 📦 [ARQUIVO]: SEGOEUISL-Cf5d3PPb.TTF carregado em 0ms (0 KB)
📝 [16:40:16] [NAVEGADOR]: 📦 [ARQUIVO]: SEGOEUIB-DczJKTk6.TTF carregado em 0ms (0 KB)
📝 [16:40:16] [NAVEGADOR]: 📦 [ARQUIVO]: js?id=G-CQ7FFRD2SQ carregado em 321ms (0 KB)
📝 [16:40:16] [NAVEGADOR]: 🏁 [SISTEMA]: Todos os arquivos base foram baixados. O motor está em ignição!
📝 [16:40:16] [NAVEGADOR]: 📦 [ARQUIVO]: collect?v=2&tid=G-CQ7FFRD2SQ&gtm=45je65l0v884823007za200zd884823007&_p=1779824416298&gcd=13l3l3l3l1l1&npa=0&dma=0&_eu=AAAAAAQ&are=1&cid=1983032356.1779735185&frm=0&pscdl=noapi&rcb=8&sr=1366x768&uaa=x86&uab=64&uafvl=Chromium%3B148.0.7778.179%7CGoogle%2520Chrome%3B148.0.7778.179%7CNot%252FA)Brand%3B99.0.0.0&uam=&uamb=0&uap=Windows&uapv=19.0.0&uaw=0&ul=pt-br&_s=1&tag_exp=0~115616985~115938466~115938469&sid=1779821057&sct=9&seg=1&dl=http%3A%2F%2Flocalhost%2FGrafico%2Findex.html&dr=http%3A%2F%2Flocalhost%3A3000%2FGrafico%2Findex.html&dt=Gr%C3%A1ficoFootPrint&en=page_view&_ee=1&tfd=411 carregado em 65ms (0 KB)
📝 [16:40:16] [NAVEGADOR]: 📦 [ARQUIVO]: WINFUT carregado em 357ms (125 KB)
📝 [16:40:21] [NAVEGADOR]: 📦 [ARQUIVO]: collect?v=2&tid=G-CQ7FFRD2SQ&gtm=45je65l0v884823007za200zd884823007&_p=1779824416298&gcd=13l3l3l3l1l1&npa=0&dma=0&_eu=AEAAAAQ&ae=a&are=1&cid=1983032356.1779735185&frm=0&pscdl=noapi&rcb=8&sr=1366x768&uaa=x86&uab=64&uafvl=Chromium%3B148.0.7778.179%7CGoogle%2520Chrome%3B148.0.7778.179%7CNot%252FA)Brand%3B99.0.0.0&uam=&uamb=0&uap=Windows&uapv=19.0.0&uaw=0&ul=pt-br&_s=2&tag_exp=0~115616985~115938466~115938469&sid=1779821057&sct=9&seg=1&dl=http%3A%2F%2Flocalhost%2FGrafico%2Findex.html&dr=http%3A%2F%2Flocalhost%3A3000%2FGrafico%2Findex.html&dt=Gr%C3%A1ficoFootPrint&en=scroll&epn.percent_scrolled=90&_et=6&tfd=5412 carregado em 81ms (0 KB)
📝 [16:40:24] [NAVEGADOR]: 📦 [ARQUIVO]: clear carregado em 46ms (0 KB)
📝 [16:40:24] [NAVEGADOR]: 🏗️ [DOM]: Estrutura básica carregada. Iniciando montagem do motor...
📝 [16:40:24] [NAVEGADOR]: 📦 [ARQUIVO]: fonts.css carregado em 9ms (0 KB)
📝 [16:40:24] [NAVEGADOR]: 📦 [ARQUIVO]: app.css?v=fresh_layout carregado em 10ms (0 KB)
📝 [16:40:24] [NAVEGADOR]: 📦 [ARQUIVO]: modal.css carregado em 13ms (0 KB)
📝 [16:40:24] [NAVEGADOR]: 📦 [ARQUIVO]: web.dv.js carregado em 15ms (0 KB)
📝 [16:40:24] [NAVEGADOR]: 📦 [ARQUIVO]: filters.js carregado em 18ms (0 KB)
📝 [16:40:24] [NAVEGADOR]: 📦 [ARQUIVO]: web.cs.js carregado em 22ms (0 KB)
📝 [16:40:24] [NAVEGADOR]: 📦 [ARQUIVO]: WebSocket.js carregado em 27ms (0 KB)
📝 [16:40:24] [NAVEGADOR]: 📦 [ARQUIVO]: modal.js carregado em 29ms (0 KB)
📝 [16:40:24] [NAVEGADOR]: 📦 [ARQUIVO]: tabs.js carregado em 32ms (0 KB)
📝 [16:40:24] [NAVEGADOR]: 📦 [ARQUIVO]: chart.js carregado em 35ms (0 KB)
📝 [16:40:24] [NAVEGADOR]: 📦 [ARQUIVO]: recaptcha__pt_br.js carregado em 29ms (0 KB)
📝 [16:40:24] [NAVEGADOR]: 📦 [ARQUIVO]: system-controls.js carregado em 37ms (0 KB)
📝 [16:40:24] [NAVEGADOR]: 📦 [ARQUIVO]: js?id=G-CQ7FFRD2SQ carregado em 19ms (0 KB)
📝 [16:40:24] [NAVEGADOR]: 📦 [ARQUIVO]: SEGOEUISL-Cf5d3PPb.TTF carregado em 0ms (0 KB)
📝 [16:40:24] [NAVEGADOR]: 📦 [ARQUIVO]: SEGOEUIB-DczJKTk6.TTF carregado em 0ms (0 KB)
📝 [16:40:25] [NAVEGADOR]: 📦 [ARQUIVO]: dark_minute.png carregado em 48ms (0 KB)
📝 [16:40:25] [NAVEGADOR]: 🏁 [SISTEMA]: Todos os arquivos base foram baixados. O motor está em ignição!
📝 [16:40:25] [NAVEGADOR]: 📦 [ARQUIVO]: NQFUT carregado em 30ms (0 KB)
📝 [16:40:25] [NAVEGADOR]: 📦 [ARQUIVO]: NQFUT carregado em 18ms (0 KB)
📝 [16:40:25] [NAVEGADOR]: 📦 [ARQUIVO]: collect?v=2&tid=G-CQ7FFRD2SQ&gtm=45je65l0v884823007za200zd884823007&_p=1779824424823&gcd=13l3l3l3l1l1&npa=0&dma=0&_eu=AAAAAAQ&are=1&cid=1983032356.1779735185&frm=0&pscdl=noapi&rcb=2&sr=1366x768&uaa=x86&uab=64&uafvl=Chromium%3B148.0.7778.179%7CGoogle%2520Chrome%3B148.0.7778.179%7CNot%252FA)Brand%3B99.0.0.0&uam=&uamb=0&uap=Windows&uapv=19.0.0&uaw=0&ul=pt-br&_s=1&tag_exp=0~115938466~115938468&sid=1779821057&sct=9&seg=1&dl=http%3A%2F%2Flocalhost%2FGrafico%2Findex.html&dr=http%3A%2F%2Flocalhost%3A3000%2FGrafico%2Findex.html&dt=Gr%C3%A1ficoFootPrint&en=page_view&_ee=1&tfd=271 carregado em 73ms (0 KB)
📝 [16:40:30] [NAVEGADOR]: 📦 [ARQUIVO]: collect?v=2&tid=G-CQ7FFRD2SQ&gtm=45je65l0v884823007za200zd884823007&_p=1779824424823&gcd=13l3l3l3l1l1&npa=0&dma=0&_eu=AEAAAAQ&ae=a&are=1&cid=1983032356.1779735185&frm=0&pscdl=noapi&rcb=2&sr=1366x768&uaa=x86&uab=64&uafvl=Chromium%3B148.0.7778.179%7CGoogle%2520Chrome%3B148.0.7778.179%7CNot%252FA)Brand%3B99.0.0.0&uam=&uamb=0&uap=Windows&uapv=19.0.0&uaw=0&ul=pt-br&_s=2&tag_exp=0~115938466~115938468&sid=1779821057&sct=9&seg=1&dl=http%3A%2F%2Flocalhost%2FGrafico%2Findex.html&dr=http%3A%2F%2Flocalhost%3A3000%2FGrafico%2Findex.html&dt=Gr%C3%A1ficoFootPrint&en=scroll&epn.percent_scrolled=90&_et=9&tfd=5276 carregado em 74ms (0 KB)
📝 [16:40:33] [NAVEGADOR]: 📦 [ARQUIVO]: dark_point.png carregado em 4ms (0 KB)
📝 [16:45:01] [NAVEGADOR]: 📦 [ARQUIVO]: dark_point.png carregado em 313ms (0 KB)
📝 [16:45:01] [NAVEGADOR]: 📦 [ARQUIVO]: WINFUT carregado em 56ms (6 KB)
📝 [16:50:58] [NAVEGADOR]: 🏗️ [DOM]: Estrutura básica carregada. Iniciando montagem do motor...
📝 [16:50:58] [NAVEGADOR]: 📦 [ARQUIVO]: fonts.css carregado em 12ms (0 KB)
📝 [16:50:58] [NAVEGADOR]: 📦 [ARQUIVO]: app.css?v=fresh_layout carregado em 12ms (0 KB)
📝 [16:50:58] [NAVEGADOR]: 📦 [ARQUIVO]: modal.css carregado em 14ms (0 KB)
📝 [16:50:58] [NAVEGADOR]: 📦 [ARQUIVO]: web.dv.js carregado em 17ms (0 KB)
📝 [16:50:58] [NAVEGADOR]: 📦 [ARQUIVO]: web.cs.js carregado em 20ms (0 KB)
📝 [16:50:58] [NAVEGADOR]: 📦 [ARQUIVO]: filters.js carregado em 18ms (0 KB)
📝 [16:50:58] [NAVEGADOR]: 📦 [ARQUIVO]: WebSocket.js carregado em 21ms (0 KB)
📝 [16:50:58] [NAVEGADOR]: 📦 [ARQUIVO]: modal.js carregado em 23ms (0 KB)
📝 [16:50:58] [NAVEGADOR]: 📦 [ARQUIVO]: tabs.js carregado em 23ms (0 KB)
📝 [16:50:58] [NAVEGADOR]: 📦 [ARQUIVO]: chart.js carregado em 29ms (0 KB)
📝 [16:50:58] [NAVEGADOR]: 📦 [ARQUIVO]: system-controls.js carregado em 29ms (0 KB)
📝 [16:50:58] [NAVEGADOR]: 📦 [ARQUIVO]: js?id=G-CQ7FFRD2SQ carregado em 22ms (0 KB)
📝 [16:50:58] [NAVEGADOR]: 📦 [ARQUIVO]: recaptcha__pt_br.js carregado em 29ms (0 KB)
📝 [16:50:58] [NAVEGADOR]: 📦 [ARQUIVO]: SEGOEUISL-Cf5d3PPb.TTF carregado em 0ms (0 KB)
📝 [16:50:58] [NAVEGADOR]: 📦 [ARQUIVO]: SEGOEUIB-DczJKTk6.TTF carregado em 0ms (0 KB)
📝 [16:50:58] [NAVEGADOR]: 🏁 [SISTEMA]: Todos os arquivos base foram baixados. O motor está em ignição!
📝 [16:50:58] [NAVEGADOR]: 📦 [ARQUIVO]: WINFUT carregado em 110ms (26 KB)
📝 [16:50:58] [NAVEGADOR]: 📦 [ARQUIVO]: collect?v=2&tid=G-CQ7FFRD2SQ&gtm=45je65l0v884823007za200zd884823007&_p=1779825058700&gcd=13l3l3l3l1l1&npa=0&dma=0&_eu=AAAAAAQ&are=1&cid=1983032356.1779735185&frm=0&pscdl=noapi&rcb=6&sr=1366x768&uaa=x86&uab=64&uafvl=Chromium%3B148.0.7778.179%7CGoogle%2520Chrome%3B148.0.7778.179%7CNot%252FA)Brand%3B99.0.0.0&uam=&uamb=0&uap=Windows&uapv=19.0.0&uaw=0&ul=pt-br&_s=1&tag_exp=0~115938466~115938468&sid=1779821057&sct=9&seg=1&dl=http%3A%2F%2Flocalhost%2FGrafico%2Findex.html&dr=http%3A%2F%2Flocalhost%3A3000%2FGrafico%2Findex.html&dt=Gr%C3%A1ficoFootPrint&en=page_view&_ee=1&tfd=619 carregado em 69ms (0 KB)
📝 [16:51:03] [NAVEGADOR]: 📦 [ARQUIVO]: collect?v=2&tid=G-CQ7FFRD2SQ&gtm=45je65l0v884823007za200zd884823007&_p=1779825058700&gcd=13l3l3l3l1l1&npa=0&dma=0&_eu=AEAAAAQ&ae=a&are=1&cid=1983032356.1779735185&frm=0&pscdl=noapi&rcb=6&sr=1366x768&uaa=x86&uab=64&uafvl=Chromium%3B148.0.7778.179%7CGoogle%2520Chrome%3B148.0.7778.179%7CNot%252FA)Brand%3B99.0.0.0&uam=&uamb=0&uap=Windows&uapv=19.0.0&uaw=0&ul=pt-br&_s=2&tag_exp=0~115938466~115938468&sid=1779821057&sct=9&seg=1&dl=http%3A%2F%2Flocalhost%2FGrafico%2Findex.html&dr=http%3A%2F%2Flocalhost%3A3000%2FGrafico%2Findex.html&dt=Gr%C3%A1ficoFootPrint&en=scroll&epn.percent_scrolled=90&_et=11&tfd=5625 carregado em 70ms (0 KB)
📝 [17:01:34] [NAVEGADOR]: 📦 [ARQUIVO]: clear carregado em 355ms (0 KB)
📝 [17:01:34] [NAVEGADOR]: 🏗️ [DOM]: Estrutura básica carregada. Iniciando montagem do motor...
📝 [17:01:34] [NAVEGADOR]: 📦 [ARQUIVO]: fonts.css carregado em 11ms (0 KB)
📝 [17:01:34] [NAVEGADOR]: 📦 [ARQUIVO]: app.css?v=fresh_layout carregado em 19ms (0 KB)
📝 [17:01:34] [NAVEGADOR]: 📦 [ARQUIVO]: modal.css carregado em 21ms (0 KB)
📝 [17:01:34] [NAVEGADOR]: 📦 [ARQUIVO]: web.dv.js carregado em 27ms (0 KB)
📝 [17:01:34] [NAVEGADOR]: 📦 [ARQUIVO]: filters.js carregado em 35ms (0 KB)
📝 [17:01:34] [NAVEGADOR]: 📦 [ARQUIVO]: web.cs.js carregado em 39ms (0 KB)
📝 [17:01:34] [NAVEGADOR]: 📦 [ARQUIVO]: WebSocket.js carregado em 48ms (0 KB)
📝 [17:01:34] [NAVEGADOR]: 📦 [ARQUIVO]: modal.js carregado em 51ms (0 KB)
📝 [17:01:34] [NAVEGADOR]: 📦 [ARQUIVO]: tabs.js carregado em 53ms (0 KB)
📝 [17:01:34] [NAVEGADOR]: 📦 [ARQUIVO]: chart.js carregado em 54ms (0 KB)
📝 [17:01:34] [NAVEGADOR]: 📦 [ARQUIVO]: recaptcha__pt_br.js carregado em 38ms (0 KB)
📝 [17:01:34] [NAVEGADOR]: 📦 [ARQUIVO]: system-controls.js carregado em 56ms (0 KB)
📝 [17:01:34] [NAVEGADOR]: 📦 [ARQUIVO]: SEGOEUISL-Cf5d3PPb.TTF carregado em 0ms (0 KB)
📝 [17:01:34] [NAVEGADOR]: 📦 [ARQUIVO]: SEGOEUIB-DczJKTk6.TTF carregado em 0ms (0 KB)
📝 [17:01:34] [NAVEGADOR]: 📦 [ARQUIVO]: dark_minute.png carregado em 22ms (0 KB)
📝 [17:01:34] [NAVEGADOR]: 📦 [ARQUIVO]: NQFUT carregado em 23ms (0 KB)
📝 [17:01:34] [NAVEGADOR]: 📦 [ARQUIVO]: NQFUT carregado em 17ms (0 KB)
📝 [17:01:34] [NAVEGADOR]: 📦 [ARQUIVO]: js?id=G-CQ7FFRD2SQ carregado em 331ms (0 KB)
📝 [17:01:34] [NAVEGADOR]: 🏁 [SISTEMA]: Todos os arquivos base foram baixados. O motor está em ignição!
📝 [17:01:34] [NAVEGADOR]: 📦 [ARQUIVO]: collect?v=2&tid=G-CQ7FFRD2SQ&gtm=45je65l0v884823007za200zd884823007&_p=1779825694554&gcd=13l3l3l3l1l1&npa=0&dma=0&_eu=AAAAAAQ&are=1&cid=1983032356.1779735185&frm=0&pscdl=noapi&rcb=0&sr=1366x768&uaa=x86&uab=64&uafvl=Chromium%3B148.0.7778.179%7CGoogle%2520Chrome%3B148.0.7778.179%7CNot%252FA)Brand%3B99.0.0.0&uam=&uamb=0&uap=Windows&uapv=19.0.0&uaw=0&ul=pt-br&_s=1&tag_exp=0~115938465~115938468&sid=1779821057&sct=9&seg=1&dl=http%3A%2F%2Flocalhost%2FGrafico%2Findex.html&dr=http%3A%2F%2Flocalhost%3A3000%2FGrafico%2Findex.html&dt=Gr%C3%A1ficoFootPrint&en=page_view&_ee=1&tfd=403 carregado em 67ms (0 KB)
📝 [17:01:36] [NAVEGADOR]: 📦 [ARQUIVO]: dark_point.png carregado em 7ms (0 KB)
📝 [17:01:37] [NAVEGADOR]: 📦 [ARQUIVO]: WINFUT carregado em 20ms (1 KB)
📝 [17:01:39] [NAVEGADOR]: 📦 [ARQUIVO]: collect?v=2&tid=G-CQ7FFRD2SQ&gtm=45je65l0v884823007za200zd884823007&_p=1779825694554&gcd=13l3l3l3l1l1&npa=0&dma=0&_eu=AEAAAAQ&ae=a&are=1&cid=1983032356.1779735185&frm=0&pscdl=noapi&rcb=0&sr=1366x768&uaa=x86&uab=64&uafvl=Chromium%3B148.0.7778.179%7CGoogle%2520Chrome%3B148.0.7778.179%7CNot%252FA)Brand%3B99.0.0.0&uam=&uamb=0&uap=Windows&uapv=19.0.0&uaw=0&ul=pt-br&_s=2&tag_exp=0~115938465~115938468&sid=1779821057&sct=9&seg=1&dl=http%3A%2F%2Flocalhost%2FGrafico%2Findex.html&dr=http%3A%2F%2Flocalhost%3A3000%2FGrafico%2Findex.html&dt=Gr%C3%A1ficoFootPrint&en=scroll&epn.percent_scrolled=90&_et=5&tfd=5411 carregado em 65ms (0 KB)
📝 [17:24:40] [NAVEGADOR]: 📦 [ARQUIVO]: system-controls.js carregado em 50ms (0 KB)
📝 [17:24:40] [NAVEGADOR]: 📦 [ARQUIVO]: recaptcha__pt_br.js carregado em 53ms (0 KB)
📝 [17:24:40] [NAVEGADOR]: 🏗️ [DOM]: Estrutura básica carregada. Iniciando montagem do motor...
📝 [17:24:40] [NAVEGADOR]: 📦 [ARQUIVO]: SEGOEUISL-Cf5d3PPb.TTF carregado em 57ms (0 KB)
📝 [17:24:40] [NAVEGADOR]: 📦 [ARQUIVO]: SEGOEUIB-DczJKTk6.TTF carregado em 61ms (0 KB)
📝 [17:24:40] [NAVEGADOR]: 📦 [ARQUIVO]: NQFUT carregado em 67ms (0 KB)
📝 [17:24:41] [NAVEGADOR]: 📦 [ARQUIVO]: js?id=G-CQ7FFRD2SQ carregado em 426ms (0 KB)
📝 [17:24:41] [NAVEGADOR]: 🏁 [SISTEMA]: Todos os arquivos base foram baixados. O motor está em ignição!
📝 [17:24:41] [NAVEGADOR]: 📦 [ARQUIVO]: favicon.ico carregado em 49ms (0 KB)
📝 [17:24:41] [NAVEGADOR]: 📦 [ARQUIVO]: a?v=3&t=l&pid=8172299&rv=65l0&tag_exp=0~115938465~115938469~118128922~118806963&u=AAAAAAAAAAAAACCA&h=Ag&gtm=45je65l0h1v884823007za200zd884823007&cl=3.7.0&ccid=84823007&cid=G-CQ7FFRD2SQ&l=L2070.S7.Y1.B24.E37.I2152.TC12.HTC0.F2172.C2~gtm.init_consent.S2.V1.E26~gtm.init.S0.V0.E33.TS5ogt1pdatav2.TI4.TE1.TS5ccdgafirst.TI15.TE0.TS5setproductsettings.TI14.TE0.TS5ccdemdownload.TI13.TE1.TS5ccdemoutboundclick.TI12.TE0.TS5ccdempageview.TI11.TE0.TS5ccdemscroll.TI10.TE0.TS5ccdemsitesearch.TI9.TE0.TS5ccdemvideo.TI8.TE0.TS5ccdconversionmarking.TI7.TE0.TS5ccdgalast.TI6.TE0~gtm.js.S0.V0.E26.TS5gct.TI1.TE0~gtm.dom.S0.V0.E11~*.S0.V0.E9~gtm.load.S0.V0.E0~GA344.352 carregado em 110ms (0 KB)
📝 [17:24:41] [NAVEGADOR]: 📦 [ARQUIVO]: collect?v=2&tid=G-CQ7FFRD2SQ&gtm=45je65l0h1v884823007za200zd884823007&_p=1779827080695&gcd=13l3l3l3l1l1&npa=0&dma=0&_eu=AAAAAAQ&are=1&cid=1006347174.1779721657&frm=0&pscdl=noapi&rcb=10&sr=1366x768&uaa=x86&uab=64&uafvl=Chromium%3B148.0.7778.180%7CMicrosoft%2520Edge%3B148.0.3967.83%7CNot%252FA)Brand%3B99.0.0.0&uam=&uamb=0&uap=Windows&uapv=19.0.0&uaw=0&ul=pt-br&_s=1&tag_exp=0~115938465~115938469~118128922~118806963&sid=1779827081&sct=14&seg=0&dl=http%3A%2F%2Flocalhost%2FGrafico%2Findex.html&dt=Gr%C3%A1ficoFootPrint&en=page_view&_ss=1&_ee=1&tfd=2414 carregado em 174ms (0 KB)
📝 [17:26:37] [NAVEGADOR]: 📦 [ARQUIVO]: chart.js carregado em 49ms (0 KB)
📝 [17:26:37] [NAVEGADOR]: 📦 [ARQUIVO]: system-controls.js carregado em 50ms (0 KB)
📝 [17:26:37] [NAVEGADOR]: 📦 [ARQUIVO]: recaptcha__pt_br.js carregado em 63ms (0 KB)
📝 [17:26:37] [NAVEGADOR]: 📦 [ARQUIVO]: js?id=G-CQ7FFRD2SQ carregado em 58ms (0 KB)
📝 [17:26:37] [NAVEGADOR]: 🏗️ [DOM]: Estrutura básica carregada. Iniciando montagem do motor...
📝 [17:26:37] [NAVEGADOR]: 📦 [ARQUIVO]: SEGOEUISL-Cf5d3PPb.TTF carregado em 108ms (0 KB)
📝 [17:26:37] [NAVEGADOR]: 📦 [ARQUIVO]: SEGOEUIB-DczJKTk6.TTF carregado em 110ms (0 KB)
📝 [17:26:37] [NAVEGADOR]: 📦 [ARQUIVO]: NQFUT carregado em 65ms (0 KB)
📝 [17:26:37] [NAVEGADOR]: 🏁 [SISTEMA]: Todos os arquivos base foram baixados. O motor está em ignição!
📝 [17:26:37] [NAVEGADOR]: 📦 [ARQUIVO]: favicon.ico carregado em 17ms (0 KB)
📝 [17:26:38] [NAVEGADOR]: 📦 [ARQUIVO]: collect?v=2&tid=G-CQ7FFRD2SQ&gtm=45je65l0h1v884823007za200zd884823007&_p=1779827197689&gcd=13l3l3l3l1l1&npa=0&dma=0&_eu=AAAAAAQ&are=1&cid=1006347174.1779721657&frm=0&pscdl=noapi&rcb=17&sr=1366x768&uaa=x86&uab=64&uafvl=Chromium%3B148.0.7778.180%7CMicrosoft%2520Edge%3B148.0.3967.83%7CNot%252FA)Brand%3B99.0.0.0&uam=&uamb=0&uap=Windows&uapv=19.0.0&uaw=0&ul=pt-br&_s=1&tag_exp=0~115938466~115938469~118806962&sid=1779827081&sct=14&seg=1&dl=http%3A%2F%2Flocalhost%2FGrafico%2Findex.html&dt=Gr%C3%A1ficoFootPrint&en=page_view&_ee=1&tfd=2332 carregado em 169ms (0 KB)
📝 [17:26:38] [NAVEGADOR]: 📦 [ARQUIVO]: a?v=3&t=l&pid=900415026&rv=65l0&tag_exp=0~115938466~115938469~118806962&u=AAAAAAAAAAAAACCA&h=Ag&gtm=45je65l0h1v884823007za200zd884823007&cl=3.7.0&ccid=84823007&cid=G-CQ7FFRD2SQ&l=L2094.S6.Y9.B22.E35.I2190.TC12.HTC0.F2204.C2~gtm.init_consent.S2.V1.E25~gtm.init.S0.V0.E31.TS5ogt1pdatav2.TI4.TE1.TS5ccdgafirst.TI15.TE0.TS5setproductsettings.TI14.TE0.TS5ccdemdownload.TI13.TE0.TS5ccdemoutboundclick.TI12.TE0.TS5ccdempageview.TI11.TE0.TS5ccdemscroll.TI10.TE0.TS5ccdemsitesearch.TI9.TE0.TS5ccdemvideo.TI8.TE0.TS5ccdconversionmarking.TI7.TE0.TS5ccdgalast.TI6.TE0~gtm.js.S0.V0.E23.TS5gct.TI1.TE0~gtm.dom.S0.V0.E10~*.S0.V0.E7~gtm.load.S0.V0.E1~GA228.238 carregado em 166ms (0 KB)
📝 [08:57:14] [NAVEGADOR]: 🏗️ [DOM]: Estrutura básica carregada. Iniciando montagem do motor...
📝 [08:57:14] [NAVEGADOR]: 📦 [ARQUIVO]: SEGOEUISL-Cf5d3PPb.TTF carregado em 62ms (0 KB)
📝 [08:57:14] [NAVEGADOR]: 📦 [ARQUIVO]: SEGOEUIB-DczJKTk6.TTF carregado em 62ms (0 KB)
📝 [08:57:14] [NAVEGADOR]: 📦 [ARQUIVO]: js?id=G-CQ7FFRD2SQ carregado em 384ms (0 KB)
📝 [08:57:14] [NAVEGADOR]: 🏁 [SISTEMA]: Todos os arquivos base foram baixados. O motor está em ignição!
📝 [08:57:14] [NAVEGADOR]: 📦 [ARQUIVO]: favicon.ico carregado em 5ms (0 KB)
📝 [08:57:14] [NAVEGADOR]: 📦 [ARQUIVO]: collect?v=2&tid=G-CQ7FFRD2SQ&gtm=45je65m1v884823007za200zd884823007&_p=1779883034302&gcd=13l3l3l3l1l1&npa=0&dma=0&_eu=AAAAAAQ&are=1&cid=1983032356.1779735185&frm=0&pscdl=noapi&rcb=11&sr=1366x768&uaa=x86&uab=64&uafvl=Chromium%3B148.0.7778.179%7CGoogle%2520Chrome%3B148.0.7778.179%7CNot%252FA)Brand%3B99.0.0.0&uam=&uamb=0&uap=Windows&uapv=19.0.0&uaw=0&ul=pt-br&_s=1&tag_exp=0~115938465~115938469~118228215&sid=1779883034&sct=11&seg=0&dl=http%3A%2F%2Flocalhost%2FGrafico%2Findex.html&dt=Gr%C3%A1ficoFootPrint&en=page_view&_ss=1&_ee=1&tfd=1490 carregado em 150ms (0 KB)
📝 [08:57:15] [NAVEGADOR]: 📦 [ARQUIVO]: WINFUT carregado em 916ms (208 KB)
📝 [08:57:20] [NAVEGADOR]: 📦 [ARQUIVO]: collect?v=2&tid=G-CQ7FFRD2SQ&gtm=45je65m1v884823007za200zd884823007&_p=1779883034302&gcd=13l3l3l3l1l1&npa=0&dma=0&_eu=AEAAAAQ&ae=a&are=1&cid=1983032356.1779735185&frm=0&pscdl=noapi&rcb=11&sr=1366x768&uaa=x86&uab=64&uafvl=Chromium%3B148.0.7778.179%7CGoogle%2520Chrome%3B148.0.7778.179%7CNot%252FA)Brand%3B99.0.0.0&uam=&uamb=0&uap=Windows&uapv=19.0.0&uaw=0&ul=pt-br&_s=2&tag_exp=0~115938465~115938469~118228215&sid=1779883034&sct=11&seg=0&dl=http%3A%2F%2Flocalhost%2FGrafico%2Findex.html&dt=Gr%C3%A1ficoFootPrint&en=scroll&epn.percent_scrolled=90&_et=10&tfd=6844 carregado em 137ms (0 KB)
📝 [08:57:21] [NAVEGADOR]: 📦 [ARQUIVO]: clear carregado em 398ms (0 KB)
📝 [08:57:21] [NAVEGADOR]: 🏗️ [DOM]: Estrutura básica carregada. Iniciando montagem do motor...
📝 [08:57:21] [NAVEGADOR]: 📦 [ARQUIVO]: fonts.css carregado em 13ms (0 KB)
📝 [08:57:21] [NAVEGADOR]: 📦 [ARQUIVO]: app.css?v=fresh_layout carregado em 14ms (0 KB)
📝 [08:57:21] [NAVEGADOR]: 📦 [ARQUIVO]: modal.css carregado em 14ms (0 KB)
📝 [08:57:21] [NAVEGADOR]: 📦 [ARQUIVO]: filters.js carregado em 22ms (0 KB)
📝 [08:57:21] [NAVEGADOR]: 📦 [ARQUIVO]: web.dv.js carregado em 21ms (0 KB)
📝 [08:57:21] [NAVEGADOR]: 📦 [ARQUIVO]: web.cs.js carregado em 22ms (0 KB)
📝 [08:57:21] [NAVEGADOR]: 📦 [ARQUIVO]: WebSocket.js carregado em 23ms (0 KB)
📝 [08:57:21] [NAVEGADOR]: 📦 [ARQUIVO]: modal.js carregado em 24ms (0 KB)
📝 [08:57:21] [NAVEGADOR]: 📦 [ARQUIVO]: tabs.js carregado em 25ms (0 KB)
📝 [08:57:21] [NAVEGADOR]: 📦 [ARQUIVO]: chart.js carregado em 25ms (0 KB)
📝 [08:57:21] [NAVEGADOR]: 📦 [ARQUIVO]: system-controls.js carregado em 26ms (0 KB)
📝 [08:57:21] [NAVEGADOR]: 📦 [ARQUIVO]: dark_minute.png carregado em 4ms (0 KB)
📝 [08:57:21] [NAVEGADOR]: 🏁 [SISTEMA]: Todos os arquivos base foram baixados. O motor está em ignição!
📝 [08:57:21] [NAVEGADOR]: 📦 [ARQUIVO]: SEGOEUISL-Cf5d3PPb.TTF carregado em 0ms (0 KB)
📝 [08:57:21] [NAVEGADOR]: 📦 [ARQUIVO]: SEGOEUIB-DczJKTk6.TTF carregado em 0ms (0 KB)
📝 [08:57:21] [NAVEGADOR]: 📦 [ARQUIVO]: NQFUT carregado em 22ms (0 KB)
📝 [08:57:21] [NAVEGADOR]: 📦 [ARQUIVO]: NQFUT carregado em 18ms (0 KB)
📝 [08:57:21] [NAVEGADOR]: 📦 [ARQUIVO]: collect?v=2&tid=G-CQ7FFRD2SQ&gtm=45je65m1v884823007za200zd884823007&_p=1779883041368&gcd=13l3l3l3l1l1&npa=0&dma=0&_eu=AAAAAAQ&are=1&cid=1983032356.1779735185&frm=0&pscdl=noapi&rcb=12&sr=1366x768&uaa=x86&uab=64&uafvl=Chromium%3B148.0.7778.179%7CGoogle%2520Chrome%3B148.0.7778.179%7CNot%252FA)Brand%3B99.0.0.0&uam=&uamb=0&uap=Windows&uapv=19.0.0&uaw=0&ul=pt-br&_s=1&tag_exp=0~115616986~115938466~115938468~118228214&sid=1779883034&sct=11&seg=1&dl=http%3A%2F%2Flocalhost%2FGrafico%2Findex.html&dr=http%3A%2F%2Flocalhost%3A3000%2FGrafico%2Findex.html&dt=Gr%C3%A1ficoFootPrint&en=page_view&_ee=1&tfd=320 carregado em 70ms (0 KB)
📝 [08:57:26] [NAVEGADOR]: 📦 [ARQUIVO]: collect?v=2&tid=G-CQ7FFRD2SQ&gtm=45je65m1v884823007za200zd884823007&_p=1779883041368&gcd=13l3l3l3l1l1&npa=0&dma=0&_eu=AEAAAAQ&ae=a&are=1&cid=1983032356.1779735185&frm=0&pscdl=noapi&rcb=12&sr=1366x768&uaa=x86&uab=64&uafvl=Chromium%3B148.0.7778.179%7CGoogle%2520Chrome%3B148.0.7778.179%7CNot%252FA)Brand%3B99.0.0.0&uam=&uamb=0&uap=Windows&uapv=19.0.0&uaw=0&ul=pt-br&_s=2&tag_exp=0~115616986~115938466~115938468~118228214&sid=1779883034&sct=11&seg=1&dl=http%3A%2F%2Flocalhost%2FGrafico%2Findex.html&dr=http%3A%2F%2Flocalhost%3A3000%2FGrafico%2Findex.html&dt=Gr%C3%A1ficoFootPrint&en=scroll&epn.percent_scrolled=90&_et=13&tfd=5327 carregado em 69ms (0 KB)
📝 [08:57:30] [NAVEGADOR]: 📦 [ARQUIVO]: dark_point.png carregado em 7ms (0 KB)
📝 [09:01:00] [NAVEGADOR]: 📦 [ARQUIVO]: WINFUT carregado em 744ms (73 KB)
📝 [09:01:13] [NAVEGADOR]: 📦 [ARQUIVO]: WINFUT carregado em 2963ms (120 KB)
📝 [09:01:15] [NAVEGADOR]: 📦 [ARQUIVO]: WINFUT carregado em 5264ms (129 KB)
📝 [10:18:54] [NAVEGADOR]: 🏗️ [DOM]: Estrutura básica carregada. Iniciando montagem do motor...
📝 [10:18:54] [NAVEGADOR]: 📦 [ARQUIVO]: SEGOEUISL-Cf5d3PPb.TTF carregado em 69ms (0 KB)
📝 [10:18:54] [NAVEGADOR]: 📦 [ARQUIVO]: SEGOEUIB-DczJKTk6.TTF carregado em 70ms (0 KB)
📝 [10:18:54] [NAVEGADOR]: 📦 [ARQUIVO]: js?id=G-CQ7FFRD2SQ carregado em 462ms (0 KB)
📝 [10:18:54] [NAVEGADOR]: 🏁 [SISTEMA]: Todos os arquivos base foram baixados. O motor está em ignição!
📝 [10:18:54] [NAVEGADOR]: 📦 [ARQUIVO]: favicon.ico carregado em 2ms (0 KB)
📝 [10:18:54] [NAVEGADOR]: 📦 [ARQUIVO]: collect?v=2&tid=G-CQ7FFRD2SQ&gtm=45je65q0h2v884823007za200zd884823007&_p=1779887934432&gcd=13l3l3l3l1l1&npa=0&dma=0&_eu=AAAAAAQ&are=1&cid=1006347174.1779721657&frm=0&pscdl=noapi&rcb=3&sr=1366x768&uaa=x86&uab=64&uafvl=Chromium%3B148.0.7778.180%7CMicrosoft%2520Edge%3B148.0.3967.83%7CNot%252FA)Brand%3B99.0.0.0&uam=&uamb=0&uap=Windows&uapv=19.0.0&uaw=0&ul=pt-br&_s=1&tag_exp=0~115616986~115938466~115938469~119169247&sid=1779887934&sct=15&seg=0&dl=http%3A%2F%2Flocalhost%2FGrafico%2Findex.html&dt=Gr%C3%A1ficoFootPrint&en=page_view&_ss=1&_ee=1&tfd=2254 carregado em 172ms (0 KB)
📝 [10:18:58] [NAVEGADOR]: 📦 [ARQUIVO]: NQFUT carregado em 3408ms (0 KB)
📝 [10:18:59] [NAVEGADOR]: 📦 [ARQUIVO]: collect?v=2&tid=G-CQ7FFRD2SQ&gtm=45je65q0h2v884823007za200zd884823007&_p=1779887934432&gcd=13l3l3l3l1l1&npa=0&dma=0&_eu=AEAAAAQ&ae=a&are=1&cid=1006347174.1779721657&frm=0&pscdl=noapi&rcb=3&sr=1366x768&uaa=x86&uab=64&uafvl=Chromium%3B148.0.7778.180%7CMicrosoft%2520Edge%3B148.0.3967.83%7CNot%252FA)Brand%3B99.0.0.0&uam=&uamb=0&uap=Windows&uapv=19.0.0&uaw=0&ul=pt-br&_s=2&tag_exp=0~115616986~115938466~115938469~119169247&sid=1779887934&sct=15&seg=0&dl=http%3A%2F%2Flocalhost%2FGrafico%2Findex.html&dt=Gr%C3%A1ficoFootPrint&en=scroll&epn.percent_scrolled=90&tfd=7260 carregado em 142ms (0 KB)
📝 [10:19:31] [NAVEGADOR]: 📦 [ARQUIVO]: clear carregado em 5327ms (0 KB)
📝 [10:19:31] [NAVEGADOR]: 🏗️ [DOM]: Estrutura básica carregada. Iniciando montagem do motor...
📝 [10:19:31] [NAVEGADOR]: 📦 [ARQUIVO]: fonts.css carregado em 8ms (0 KB)
📝 [10:19:31] [NAVEGADOR]: 📦 [ARQUIVO]: app.css?v=fresh_layout carregado em 11ms (0 KB)
📝 [10:19:31] [NAVEGADOR]: 📦 [ARQUIVO]: modal.css carregado em 11ms (0 KB)
📝 [10:19:31] [NAVEGADOR]: 📦 [ARQUIVO]: web.dv.js carregado em 18ms (0 KB)
📝 [10:19:31] [NAVEGADOR]: 📦 [ARQUIVO]: filters.js carregado em 19ms (0 KB)
📝 [10:19:31] [NAVEGADOR]: 📦 [ARQUIVO]: web.cs.js carregado em 21ms (0 KB)
📝 [10:19:31] [NAVEGADOR]: 📦 [ARQUIVO]: WebSocket.js carregado em 21ms (0 KB)
📝 [10:19:31] [NAVEGADOR]: 📦 [ARQUIVO]: modal.js carregado em 24ms (0 KB)
📝 [10:19:31] [NAVEGADOR]: 📦 [ARQUIVO]: tabs.js carregado em 24ms (0 KB)
📝 [10:19:31] [NAVEGADOR]: 📦 [ARQUIVO]: chart.js carregado em 26ms (0 KB)
📝 [10:19:31] [NAVEGADOR]: 📦 [ARQUIVO]: system-controls.js carregado em 27ms (0 KB)
📝 [10:19:31] [NAVEGADOR]: 📦 [ARQUIVO]: recaptcha__pt_br.js carregado em 29ms (0 KB)
📝 [10:19:31] [NAVEGADOR]: 📦 [ARQUIVO]: dark_minute.png carregado em 3ms (0 KB)
📝 [10:19:31] [NAVEGADOR]: 📦 [ARQUIVO]: SEGOEUISL-Cf5d3PPb.TTF carregado em 0ms (0 KB)
📝 [10:19:31] [NAVEGADOR]: 📦 [ARQUIVO]: SEGOEUIB-DczJKTk6.TTF carregado em 0ms (0 KB)
📝 [10:19:31] [NAVEGADOR]: 📦 [ARQUIVO]: js?id=G-CQ7FFRD2SQ carregado em 281ms (0 KB)
📝 [10:19:31] [NAVEGADOR]: 🏁 [SISTEMA]: Todos os arquivos base foram baixados. O motor está em ignição!
📝 [10:19:31] [NAVEGADOR]: 📦 [ARQUIVO]: collect?v=2&tid=G-CQ7FFRD2SQ&gtm=45je65m1v884823007za200zd884823007&_p=1779887971286&gcd=13l3l3l3l1l1&npa=0&dma=0&_eu=AAAAAAQ&are=1&cid=1983032356.1779735185&frm=0&pscdl=noapi&rcb=16&sr=1366x768&uaa=x86&uab=64&uafvl=Chromium%3B148.0.7778.179%7CGoogle%2520Chrome%3B148.0.7778.179%7CNot%252FA)Brand%3B99.0.0.0&uam=&uamb=0&uap=Windows&uapv=19.0.0&uaw=0&ul=pt-br&_s=1&tag_exp=0~115616986~115938465~115938469~118694324~119034492&sid=1779887971&sct=12&seg=1&dl=http%3A%2F%2Flocalhost%2FGrafico%2Findex.html&dr=http%3A%2F%2Flocalhost%3A3000%2FGrafico%2Findex.html&dt=Gr%C3%A1ficoFootPrint&en=page_view&_ee=1&tfd=357 carregado em 66ms (0 KB)
📝 [10:19:32] [NAVEGADOR]: 📦 [ARQUIVO]: NQFUT carregado em 1238ms (1 KB)
📝 [10:19:32] [NAVEGADOR]: 📦 [ARQUIVO]: NQFUT carregado em 1245ms (1 KB)
📝 [10:19:34] [NAVEGADOR]: 📦 [ARQUIVO]: dark_point.png carregado em 4ms (0 KB)
📝 [10:19:36] [NAVEGADOR]: 📦 [ARQUIVO]: collect?v=2&tid=G-CQ7FFRD2SQ&gtm=45je65m1v884823007za200zd884823007&_p=1779887971286&gcd=13l3l3l3l1l1&npa=0&dma=0&_eu=AEAAAAQ&ae=a&are=1&cid=1983032356.1779735185&frm=0&pscdl=noapi&rcb=16&sr=1366x768&uaa=x86&uab=64&uafvl=Chromium%3B148.0.7778.179%7CGoogle%2520Chrome%3B148.0.7778.179%7CNot%252FA)Brand%3B99.0.0.0&uam=&uamb=0&uap=Windows&uapv=19.0.0&uaw=0&ul=pt-br&_s=2&tag_exp=0~115616986~115938465~115938469~118694324~119034492&sid=1779887971&sct=12&seg=1&dl=http%3A%2F%2Flocalhost%2FGrafico%2Findex.html&dr=http%3A%2F%2Flocalhost%3A3000%2FGrafico%2Findex.html&dt=Gr%C3%A1ficoFootPrint&en=scroll&epn.percent_scrolled=90&_et=6&tfd=5371 carregado em 63ms (0 KB)
📝 [10:19:54] [NAVEGADOR]: 🏗️ [DOM]: Estrutura básica carregada. Iniciando montagem do motor...
📝 [10:19:54] [NAVEGADOR]: 📦 [ARQUIVO]: fonts.css carregado em 8ms (0 KB)
📝 [10:19:54] [NAVEGADOR]: 📦 [ARQUIVO]: app.css?v=fresh_layout carregado em 8ms (0 KB)
📝 [10:19:54] [NAVEGADOR]: 📦 [ARQUIVO]: modal.css carregado em 8ms (0 KB)
📝 [10:19:54] [NAVEGADOR]: 📦 [ARQUIVO]: web.dv.js carregado em 11ms (0 KB)
📝 [10:19:54] [NAVEGADOR]: 📦 [ARQUIVO]: filters.js carregado em 12ms (0 KB)
📝 [10:19:54] [NAVEGADOR]: 📦 [ARQUIVO]: web.cs.js carregado em 14ms (0 KB)
📝 [10:19:54] [NAVEGADOR]: 📦 [ARQUIVO]: WebSocket.js carregado em 14ms (0 KB)
📝 [10:19:54] [NAVEGADOR]: 📦 [ARQUIVO]: modal.js carregado em 14ms (0 KB)
📝 [10:19:54] [NAVEGADOR]: 📦 [ARQUIVO]: chart.js carregado em 16ms (0 KB)
📝 [10:19:54] [NAVEGADOR]: 📦 [ARQUIVO]: tabs.js carregado em 15ms (0 KB)
📝 [10:19:54] [NAVEGADOR]: 📦 [ARQUIVO]: system-controls.js carregado em 17ms (0 KB)
📝 [10:19:54] [NAVEGADOR]: 📦 [ARQUIVO]: dark_minute.png carregado em 2ms (0 KB)
📝 [10:19:54] [NAVEGADOR]: 🏁 [SISTEMA]: Todos os arquivos base foram baixados. O motor está em ignição!
📝 [10:19:54] [NAVEGADOR]: 📦 [ARQUIVO]: SEGOEUISL-Cf5d3PPb.TTF carregado em 0ms (0 KB)
📝 [10:19:54] [NAVEGADOR]: 📦 [ARQUIVO]: SEGOEUIB-DczJKTk6.TTF carregado em 0ms (0 KB)
📝 [10:19:54] [NAVEGADOR]: 📦 [ARQUIVO]: collect?v=2&tid=G-CQ7FFRD2SQ&gtm=45je65m1v884823007za200zd884823007&_p=1779887994495&gcd=13l3l3l3l1l1&npa=0&dma=0&_eu=AAAAAAQ&are=1&cid=1983032356.1779735185&frm=0&pscdl=noapi&rcb=1&sr=1366x768&uaa=x86&uab=64&uafvl=Chromium%3B148.0.7778.179%7CGoogle%2520Chrome%3B148.0.7778.179%7CNot%252FA)Brand%3B99.0.0.0&uam=&uamb=0&uap=Windows&uapv=19.0.0&uaw=0&ul=pt-br&_s=1&tag_exp=0~115616985~115938466~115938468~118228215&sid=1779887971&sct=12&seg=1&dl=http%3A%2F%2Flocalhost%2FGrafico%2Findex.html&dr=http%3A%2F%2Flocalhost%3A3000%2FGrafico%2Findex.html&dt=Gr%C3%A1ficoFootPrint&en=page_view&_ee=1&tfd=214 carregado em 70ms (0 KB)
📝 [10:19:54] [NAVEGADOR]: 📦 [ARQUIVO]: NQFUT carregado em 240ms (1 KB)
📝 [10:19:54] [NAVEGADOR]: 📦 [ARQUIVO]: NQFUT carregado em 294ms (1 KB)
📝 [10:19:57] [NAVEGADOR]: 📦 [ARQUIVO]: dark_point.png carregado em 3ms (0 KB)
📝 [10:19:58] [NAVEGADOR]: 📦 [ARQUIVO]: MNQM6 carregado em 343ms (1 KB)
📝 [10:19:59] [NAVEGADOR]: 📦 [ARQUIVO]: collect?v=2&tid=G-CQ7FFRD2SQ&gtm=45je65m1v884823007za200zd884823007&_p=1779887994495&gcd=13l3l3l3l1l1&npa=0&dma=0&_eu=AEAAAAQ&ae=a&are=1&cid=1983032356.1779735185&frm=0&pscdl=noapi&rcb=1&sr=1366x768&uaa=x86&uab=64&uafvl=Chromium%3B148.0.7778.179%7CGoogle%2520Chrome%3B148.0.7778.179%7CNot%252FA)Brand%3B99.0.0.0&uam=&uamb=0&uap=Windows&uapv=19.0.0&uaw=0&ul=pt-br&_s=2&tag_exp=0~115616985~115938466~115938468~118228215&sid=1779887971&sct=12&seg=1&dl=http%3A%2F%2Flocalhost%2FGrafico%2Findex.html&dr=http%3A%2F%2Flocalhost%3A3000%2FGrafico%2Findex.html&dt=Gr%C3%A1ficoFootPrint&en=scroll&epn.percent_scrolled=90&_et=10&tfd=5219 carregado em 70ms (0 KB)
📝 [10:20:23] [NAVEGADOR]: 📦 [ARQUIVO]: MNQM6 carregado em 57ms (3 KB)
📝 [10:20:23] [NAVEGADOR]: 📦 [ARQUIVO]: MNQM6 carregado em 83ms (0 KB)
📝 [10:25:40] [NAVEGADOR]: 📦 [ARQUIVO]: clear carregado em 425ms (0 KB)
📝 [10:25:40] [NAVEGADOR]: 🏗️ [DOM]: Estrutura básica carregada. Iniciando montagem do motor...
📝 [10:25:40] [NAVEGADOR]: 📦 [ARQUIVO]: fonts.css carregado em 10ms (0 KB)
📝 [10:25:40] [NAVEGADOR]: 📦 [ARQUIVO]: app.css?v=fresh_layout carregado em 10ms (0 KB)
📝 [10:25:40] [NAVEGADOR]: 📦 [ARQUIVO]: modal.css carregado em 11ms (0 KB)
📝 [10:25:40] [NAVEGADOR]: 📦 [ARQUIVO]: web.dv.js carregado em 17ms (0 KB)
📝 [10:25:40] [NAVEGADOR]: 📦 [ARQUIVO]: filters.js carregado em 17ms (0 KB)
📝 [10:25:40] [NAVEGADOR]: 📦 [ARQUIVO]: web.cs.js carregado em 19ms (0 KB)
📝 [10:25:40] [NAVEGADOR]: 📦 [ARQUIVO]: WebSocket.js carregado em 20ms (0 KB)
📝 [10:25:40] [NAVEGADOR]: 📦 [ARQUIVO]: modal.js carregado em 20ms (0 KB)
📝 [10:25:40] [NAVEGADOR]: 📦 [ARQUIVO]: tabs.js carregado em 21ms (0 KB)
📝 [10:25:40] [NAVEGADOR]: 📦 [ARQUIVO]: chart.js carregado em 22ms (0 KB)
📝 [10:25:40] [NAVEGADOR]: 📦 [ARQUIVO]: system-controls.js carregado em 22ms (0 KB)
📝 [10:25:40] [NAVEGADOR]: 📦 [ARQUIVO]: dark_minute.png carregado em 2ms (0 KB)
📝 [10:25:40] [NAVEGADOR]: 🏁 [SISTEMA]: Todos os arquivos base foram baixados. O motor está em ignição!
📝 [10:25:40] [NAVEGADOR]: 📦 [ARQUIVO]: SEGOEUISL-Cf5d3PPb.TTF carregado em 0ms (0 KB)
📝 [10:25:40] [NAVEGADOR]: 📦 [ARQUIVO]: SEGOEUIB-DczJKTk6.TTF carregado em 0ms (0 KB)
📝 [10:25:40] [NAVEGADOR]: 📦 [ARQUIVO]: NQFUT carregado em 34ms (0 KB)
📝 [10:25:40] [NAVEGADOR]: 📦 [ARQUIVO]: NQFUT carregado em 44ms (0 KB)
📝 [10:25:40] [NAVEGADOR]: 📦 [ARQUIVO]: collect?v=2&tid=G-CQ7FFRD2SQ&gtm=45je65m1v884823007za200zd884823007&_p=1779888340282&gcd=13l3l3l3l1l1&npa=0&dma=0&_eu=AAAAAAQ&are=1&cid=1983032356.1779735185&frm=0&pscdl=noapi&rcb=3&sr=1366x768&uaa=x86&uab=64&uafvl=Chromium%3B148.0.7778.179%7CGoogle%2520Chrome%3B148.0.7778.179%7CNot%252FA)Brand%3B99.0.0.0&uam=&uamb=0&uap=Windows&uapv=19.0.0&uaw=0&ul=pt-br&_s=1&tag_exp=0~115616985~115938466~115938468~118694324&sid=1779887971&sct=12&seg=1&dl=http%3A%2F%2Flocalhost%2FGrafico%2Findex.html&dr=http%3A%2F%2Flocalhost%3A3000%2FGrafico%2Findex.html&dt=Gr%C3%A1ficoFootPrint&en=page_view&_ee=1&tfd=238 carregado em 71ms (0 KB)
📝 [10:26:29] [NAVEGADOR]: 📦 [ARQUIVO]: system-controls.js carregado em 49ms (0 KB)
📝 [10:26:29] [NAVEGADOR]: 📦 [ARQUIVO]: recaptcha__pt_br.js carregado em 57ms (0 KB)
📝 [10:26:29] [NAVEGADOR]: 📦 [ARQUIVO]: js?id=G-CQ7FFRD2SQ carregado em 58ms (0 KB)
📝 [10:26:29] [NAVEGADOR]: 🏗️ [DOM]: Estrutura básica carregada. Iniciando montagem do motor...
📝 [10:26:29] [NAVEGADOR]: 📦 [ARQUIVO]: SEGOEUISL-Cf5d3PPb.TTF carregado em 70ms (0 KB)
📝 [10:26:29] [NAVEGADOR]: 📦 [ARQUIVO]: SEGOEUIB-DczJKTk6.TTF carregado em 79ms (0 KB)
📝 [10:26:29] [NAVEGADOR]: 🏁 [SISTEMA]: Todos os arquivos base foram baixados. O motor está em ignição!
📝 [10:26:29] [NAVEGADOR]: 📦 [ARQUIVO]: favicon.ico carregado em 2ms (0 KB)
📝 [10:26:29] [NAVEGADOR]: 📦 [ARQUIVO]: NQFUT carregado em 261ms (1 KB)
📝 [10:26:29] [NAVEGADOR]: 📦 [ARQUIVO]: collect?v=2&tid=G-CQ7FFRD2SQ&gtm=45je65q0h2v884823007za200zd884823007&_p=1779888389178&gcd=13l3l3l3l1l1&npa=0&dma=0&_eu=AAAAAAQ&are=1&cid=1006347174.1779721657&frm=0&pscdl=noapi&rcb=0&sr=1366x768&uaa=x86&uab=64&uafvl=Chromium%3B148.0.7778.180%7CMicrosoft%2520Edge%3B148.0.3967.83%7CNot%252FA)Brand%3B99.0.0.0&uam=&uamb=0&uap=Windows&uapv=19.0.0&uaw=0&ul=pt-br&_s=1&tag_exp=0~115938466~115938468~118689381&sid=1779887934&sct=15&seg=1&dl=http%3A%2F%2Flocalhost%2FGrafico%2Findex.html&dt=Gr%C3%A1ficoFootPrint&en=page_view&_ee=1&tfd=1819 carregado em 178ms (0 KB)
📝 [10:26:34] [NAVEGADOR]: 📦 [ARQUIVO]: clear carregado em 337ms (0 KB)
📝 [10:26:34] [NAVEGADOR]: 🏗️ [DOM]: Estrutura básica carregada. Iniciando montagem do motor...
📝 [10:26:34] [NAVEGADOR]: 📦 [ARQUIVO]: fonts.css carregado em 9ms (0 KB)
📝 [10:26:34] [NAVEGADOR]: 📦 [ARQUIVO]: app.css?v=fresh_layout carregado em 11ms (0 KB)
📝 [10:26:34] [NAVEGADOR]: 📦 [ARQUIVO]: modal.css carregado em 11ms (0 KB)
📝 [10:26:34] [NAVEGADOR]: 📦 [ARQUIVO]: web.dv.js carregado em 13ms (0 KB)
📝 [10:26:34] [NAVEGADOR]: 📦 [ARQUIVO]: filters.js carregado em 14ms (0 KB)
📝 [10:26:34] [NAVEGADOR]: 📦 [ARQUIVO]: web.cs.js carregado em 15ms (0 KB)
📝 [10:26:34] [NAVEGADOR]: 📦 [ARQUIVO]: WebSocket.js carregado em 16ms (0 KB)
📝 [10:26:34] [NAVEGADOR]: 📦 [ARQUIVO]: modal.js carregado em 17ms (0 KB)
📝 [10:26:34] [NAVEGADOR]: 📦 [ARQUIVO]: tabs.js carregado em 17ms (0 KB)
📝 [10:26:34] [NAVEGADOR]: 📦 [ARQUIVO]: chart.js carregado em 18ms (0 KB)
📝 [10:26:34] [NAVEGADOR]: 📦 [ARQUIVO]: system-controls.js carregado em 19ms (0 KB)
📝 [10:26:34] [NAVEGADOR]: 📦 [ARQUIVO]: dark_minute.png carregado em 2ms (0 KB)
📝 [10:26:34] [NAVEGADOR]: 🏁 [SISTEMA]: Todos os arquivos base foram baixados. O motor está em ignição!
📝 [10:26:34] [NAVEGADOR]: 📦 [ARQUIVO]: SEGOEUISL-Cf5d3PPb.TTF carregado em 0ms (0 KB)
📝 [10:26:34] [NAVEGADOR]: 📦 [ARQUIVO]: SEGOEUIB-DczJKTk6.TTF carregado em 0ms (0 KB)
📝 [10:26:34] [NAVEGADOR]: 📦 [ARQUIVO]: NQFUT carregado em 28ms (0 KB)
📝 [10:26:34] [NAVEGADOR]: 📦 [ARQUIVO]: NQFUT carregado em 44ms (0 KB)
📝 [10:26:34] [NAVEGADOR]: 📦 [ARQUIVO]: collect?v=2&tid=G-CQ7FFRD2SQ&gtm=45je65m1v884823007za200zd884823007&_p=1779888394512&gcd=13l3l3l3l1l1&npa=0&dma=0&_eu=AAAAAAQ&are=1&cid=1983032356.1779735185&frm=0&pscdl=noapi&rcb=11&sr=1366x768&uaa=x86&uab=64&uafvl=Chromium%3B148.0.7778.179%7CGoogle%2520Chrome%3B148.0.7778.179%7CNot%252FA)Brand%3B99.0.0.0&uam=&uamb=0&uap=Windows&uapv=19.0.0&uaw=0&ul=pt-br&_s=1&tag_exp=0~115938465~115938468~119034492&sid=1779887971&sct=12&seg=1&dl=http%3A%2F%2Flocalhost%2FGrafico%2Findex.html&dr=http%3A%2F%2Flocalhost%3A3000%2FGrafico%2Findex.html&dt=Gr%C3%A1ficoFootPrint&en=page_view&_ee=1&tfd=201 carregado em 68ms (0 KB)
📝 [10:26:38] [NAVEGADOR]: 📦 [ARQUIVO]: dark_point.png carregado em 3ms (0 KB)
📝 [10:26:39] [NAVEGADOR]: 📦 [ARQUIVO]: collect?v=2&tid=G-CQ7FFRD2SQ&gtm=45je65m1v884823007za200zd884823007&_p=1779888394512&gcd=13l3l3l3l1l1&npa=0&dma=0&_eu=AEAAAAQ&ae=a&are=1&cid=1983032356.1779735185&frm=0&pscdl=noapi&rcb=11&sr=1366x768&uaa=x86&uab=64&uafvl=Chromium%3B148.0.7778.179%7CGoogle%2520Chrome%3B148.0.7778.179%7CNot%252FA)Brand%3B99.0.0.0&uam=&uamb=0&uap=Windows&uapv=19.0.0&uaw=0&ul=pt-br&_s=2&tag_exp=0~115938465~115938468~119034492&sid=1779887971&sct=12&seg=1&dl=http%3A%2F%2Flocalhost%2FGrafico%2Findex.html&dr=http%3A%2F%2Flocalhost%3A3000%2FGrafico%2Findex.html&dt=Gr%C3%A1ficoFootPrint&en=scroll&epn.percent_scrolled=90&_et=12&tfd=5203 carregado em 71ms (0 KB)
📝 [10:26:47] [NAVEGADOR]: 📦 [ARQUIVO]: ESM6 carregado em 40ms (1 KB)
📝 [10:26:53] [NAVEGADOR]: 📦 [ARQUIVO]: ESM6 carregado em 31ms (1 KB)
📝 [10:26:53] [NAVEGADOR]: 📦 [ARQUIVO]: ESM6 carregado em 56ms (0 KB)
📝 [13:40:02] [NAVEGADOR]: 🏗️ [DOM]: Estrutura básica carregada. Iniciando montagem do motor...
📝 [13:40:02] [NAVEGADOR]: 📦 [ARQUIVO]: SEGOEUIB-DczJKTk6.TTF carregado em 69ms (0 KB)
📝 [13:40:02] [NAVEGADOR]: 📦 [ARQUIVO]: SEGOEUISL-Cf5d3PPb.TTF carregado em 67ms (0 KB)
📝 [13:40:02] [NAVEGADOR]: 📦 [ARQUIVO]: js?id=G-CQ7FFRD2SQ carregado em 306ms (0 KB)
📝 [13:40:02] [NAVEGADOR]: 🏁 [SISTEMA]: Todos os arquivos base foram baixados. O motor está em ignição!
📝 [13:40:02] [NAVEGADOR]: 📦 [ARQUIVO]: collect?v=2&tid=G-CQ7FFRD2SQ&gtm=45je65q0h1v884823007za200zd884823007&_p=1779900002409&gcd=13l3l3l3l1l1&npa=0&dma=0&_eu=AAAAAAQ&are=1&cid=1983032356.1779735185&frm=0&pscdl=noapi&rcb=19&sr=1366x768&uaa=x86&uab=64&uafvl=Chromium%3B148.0.7778.179%7CGoogle%2520Chrome%3B148.0.7778.179%7CNot%252FA)Brand%3B99.0.0.0&uam=&uamb=0&uap=Windows&uapv=19.0.0&uaw=0&ul=pt-br&_s=1&tag_exp=0~115616985~115938465~115938468~118689381&sid=1779900002&sct=14&seg=0&dl=http%3A%2F%2Flocalhost%2FGrafico%2Findex.html&dt=Gr%C3%A1ficoFootPrint&en=page_view&_ss=1&_ee=1&tfd=1258 carregado em 171ms (0 KB)
📝 [13:40:03] [NAVEGADOR]: 📦 [ARQUIVO]: ESM6 carregado em 1236ms (557 KB)
📝 [13:40:07] [NAVEGADOR]: 📦 [ARQUIVO]: collect?v=2&tid=G-CQ7FFRD2SQ&gtm=45je65q0h1v884823007za200zd884823007&_p=1779900002409&gcd=13l3l3l3l1l1&npa=0&dma=0&_eu=AEAAAAQ&ae=a&are=1&cid=1983032356.1779735185&frm=0&pscdl=noapi&rcb=19&sr=1366x768&uaa=x86&uab=64&uafvl=Chromium%3B148.0.7778.179%7CGoogle%2520Chrome%3B148.0.7778.179%7CNot%252FA)Brand%3B99.0.0.0&uam=&uamb=0&uap=Windows&uapv=19.0.0&uaw=0&ul=pt-br&_s=2&tag_exp=0~115616985~115938465~115938468~118689381&sid=1779900002&sct=14&seg=0&dl=http%3A%2F%2Flocalhost%2FGrafico%2Findex.html&dt=Gr%C3%A1ficoFootPrint&en=scroll&epn.percent_scrolled=90&_et=10&tfd=6271 carregado em 69ms (0 KB)
📝 [13:40:56] [NAVEGADOR]: 📦 [ARQUIVO]: clear carregado em 4263ms (0 KB)
📝 [13:40:56] [NAVEGADOR]: 🏗️ [DOM]: Estrutura básica carregada. Iniciando montagem do motor...
📝 [13:40:56] [NAVEGADOR]: 📦 [ARQUIVO]: fonts.css carregado em 11ms (0 KB)
📝 [13:40:56] [NAVEGADOR]: 📦 [ARQUIVO]: app.css?v=fresh_layout carregado em 11ms (0 KB)
📝 [13:40:56] [NAVEGADOR]: 📦 [ARQUIVO]: modal.css carregado em 11ms (0 KB)
📝 [13:40:56] [NAVEGADOR]: 📦 [ARQUIVO]: web.dv.js carregado em 24ms (0 KB)
📝 [13:40:56] [NAVEGADOR]: 📦 [ARQUIVO]: filters.js carregado em 24ms (0 KB)
📝 [13:40:56] [NAVEGADOR]: 📦 [ARQUIVO]: web.cs.js carregado em 27ms (0 KB)
📝 [13:40:56] [NAVEGADOR]: 📦 [ARQUIVO]: WebSocket.js carregado em 27ms (0 KB)
📝 [13:40:56] [NAVEGADOR]: 📦 [ARQUIVO]: modal.js carregado em 29ms (0 KB)
📝 [13:40:56] [NAVEGADOR]: 📦 [ARQUIVO]: tabs.js carregado em 30ms (0 KB)
📝 [13:40:56] [NAVEGADOR]: 📦 [ARQUIVO]: chart.js carregado em 31ms (0 KB)
📝 [13:40:56] [NAVEGADOR]: 📦 [ARQUIVO]: system-controls.js carregado em 32ms (0 KB)
📝 [13:40:56] [NAVEGADOR]: 📦 [ARQUIVO]: dark_minute.png carregado em 2ms (0 KB)
📝 [13:40:56] [NAVEGADOR]: 📦 [ARQUIVO]: SEGOEUISL-Cf5d3PPb.TTF carregado em 0ms (0 KB)
📝 [13:40:56] [NAVEGADOR]: 🏁 [SISTEMA]: Todos os arquivos base foram baixados. O motor está em ignição!
📝 [13:40:56] [NAVEGADOR]: 📦 [ARQUIVO]: SEGOEUIB-DczJKTk6.TTF carregado em 0ms (0 KB)
📝 [13:40:56] [NAVEGADOR]: 📦 [ARQUIVO]: NQFUT carregado em 36ms (0 KB)
📝 [13:40:56] [NAVEGADOR]: 📦 [ARQUIVO]: NQFUT carregado em 71ms (0 KB)
📝 [13:40:56] [NAVEGADOR]: 📦 [ARQUIVO]: collect?v=2&tid=G-CQ7FFRD2SQ&gtm=45je65q0h1v884823007za200zd884823007&_p=1779900056102&gcd=13l3l3l3l1l1&npa=0&dma=0&_eu=AAAAAAQ&are=1&cid=1983032356.1779735185&frm=0&pscdl=noapi&rcb=19&sr=1366x768&uaa=x86&uab=64&uafvl=Chromium%3B148.0.7778.179%7CGoogle%2520Chrome%3B148.0.7778.179%7CNot%252FA)Brand%3B99.0.0.0&uam=&uamb=0&uap=Windows&uapv=19.0.0&uaw=0&ul=pt-br&_s=1&tag_exp=0~115938465~115938468~118228215~118689382&sid=1779900002&sct=14&seg=1&dl=http%3A%2F%2Flocalhost%2FGrafico%2Findex.html&dr=http%3A%2F%2Flocalhost%3A3000%2FGrafico%2Findex.html&dt=Gr%C3%A1ficoFootPrint&en=page_view&_ee=1&tfd=254 carregado em 67ms (0 KB)
📝 [13:40:58] [NAVEGADOR]: 📦 [ARQUIVO]: dark_point.png carregado em 3ms (0 KB)
📝 [13:40:59] [NAVEGADOR]: 📦 [ARQUIVO]: WINFUT carregado em 62ms (3 KB)
📝 [13:41:01] [NAVEGADOR]: 📦 [ARQUIVO]: collect?v=2&tid=G-CQ7FFRD2SQ&gtm=45je65q0h1v884823007za200zd884823007&_p=1779900056102&gcd=13l3l3l3l1l1&npa=0&dma=0&_eu=AEAAAAQ&ae=a&are=1&cid=1983032356.1779735185&frm=0&pscdl=noapi&rcb=19&sr=1366x768&uaa=x86&uab=64&uafvl=Chromium%3B148.0.7778.179%7CGoogle%2520Chrome%3B148.0.7778.179%7CNot%252FA)Brand%3B99.0.0.0&uam=&uamb=0&uap=Windows&uapv=19.0.0&uaw=0&ul=pt-br&_s=2&tag_exp=0~115938465~115938468~118228215~118689382&sid=1779900002&sct=14&seg=1&dl=http%3A%2F%2Flocalhost%2FGrafico%2Findex.html&dr=http%3A%2F%2Flocalhost%3A3000%2FGrafico%2Findex.html&dt=Gr%C3%A1ficoFootPrint&en=scroll&epn.percent_scrolled=90&_et=16&tfd=5255 carregado em 70ms (0 KB)
📝 [08:55:14] [NAVEGADOR]: 🏗️ [DOM]: Estrutura básica carregada. Iniciando montagem do motor...
📝 [08:55:14] [NAVEGADOR]: 📦 [ARQUIVO]: SEGOEUISL-Cf5d3PPb.TTF carregado em 790ms (0 KB)
📝 [08:55:14] [NAVEGADOR]: 📦 [ARQUIVO]: js?id=G-CQ7FFRD2SQ carregado em 491ms (0 KB)
📝 [08:55:14] [NAVEGADOR]: 📦 [ARQUIVO]: collect?v=2&tid=G-CQ7FFRD2SQ&gtm=45je65q2v884823007za200zd884823007&_p=1779969313206&gcd=13l3l3l3l1l1&npa=0&dma=0&_eu=AAAAAAQ&are=1&cid=1006347174.1779721657&frm=0&pscdl=noapi&rcb=11&sr=1366x768&uaa=x86&uab=64&uafvl=Chromium%3B148.0.7778.180%7CMicrosoft%2520Edge%3B148.0.3967.83%7CNot%252FA)Brand%3B99.0.0.0&uam=&uamb=0&uap=Windows&uapv=19.0.0&uaw=0&ul=pt-br&_s=1&tag_exp=0~115938465~115938469&sid=1779969313&sct=16&seg=0&dl=http%3A%2F%2Flocalhost%2FGrafico%2Findex.html&dt=Gr%C3%A1ficoFootPrint&en=page_view&_ss=1&_ee=1&tfd=2563 carregado em 160ms (0 KB)
📝 [08:55:14] [NAVEGADOR]: 🏁 [SISTEMA]: Todos os arquivos base foram baixados. O motor está em ignição!
📝 [08:55:14] [NAVEGADOR]: 📦 [ARQUIVO]: SEGOEUIB-DczJKTk6.TTF carregado em 791ms (0 KB)
📝 [08:55:14] [NAVEGADOR]: 📦 [ARQUIVO]: favicon.ico carregado em 220ms (0 KB)
📝 [08:55:14] [NAVEGADOR]: 📦 [ARQUIVO]: NQFUT carregado em 1391ms (0 KB)
📝 [08:55:33] [NAVEGADOR]: 🏗️ [DOM]: Estrutura básica carregada. Iniciando montagem do motor...
📝 [08:55:33] [NAVEGADOR]: 📦 [ARQUIVO]: recaptcha__pt_br.js carregado em 190ms (366 KB)
📝 [08:55:33] [NAVEGADOR]: 📦 [ARQUIVO]: SEGOEUISL-Cf5d3PPb.TTF carregado em 57ms (844 KB)
📝 [08:55:33] [NAVEGADOR]: 📦 [ARQUIVO]: SEGOEUIB-DczJKTk6.TTF carregado em 59ms (942 KB)
📝 [08:55:33] [NAVEGADOR]: 📦 [ARQUIVO]: js?id=G-CQ7FFRD2SQ carregado em 379ms (0 KB)
📝 [08:55:33] [NAVEGADOR]: 🏁 [SISTEMA]: Todos os arquivos base foram baixados. O motor está em ignição!
📝 [08:55:33] [NAVEGADOR]: 📦 [ARQUIVO]: favicon.ico carregado em 3ms (0 KB)
📝 [08:55:33] [NAVEGADOR]: 📦 [ARQUIVO]: collect?v=2&tid=G-CQ7FFRD2SQ&gtm=45je65q2v884823007za200zd884823007&_p=1779969333295&gcd=13l3l3l3l1l1&npa=0&dma=0&_eu=AAAAAAQ&are=1&cid=1983032356.1779735185&frm=0&pscdl=noapi&rcb=19&sr=1366x768&uaa=x86&uab=64&uafvl=Chromium%3B148.0.7778.179%7CGoogle%2520Chrome%3B148.0.7778.179%7CNot%252FA)Brand%3B99.0.0.0&uam=&uamb=0&uap=Windows&uapv=19.0.0&uaw=0&ul=pt-br&_s=1&tag_exp=0~115616985~115938465~115938468~118128923~118694324&sid=1779969333&sct=15&seg=0&dl=http%3A%2F%2Flocalhost%2FGrafico%2Findex.html&dt=Gr%C3%A1ficoFootPrint&en=page_view&_ss=1&_ee=1&tfd=772 carregado em 158ms (0 KB)
📝 [08:55:33] [NAVEGADOR]: 📦 [ARQUIVO]: WINFUT carregado em 358ms (45 KB)
📝 [08:55:38] [NAVEGADOR]: 📦 [ARQUIVO]: clear carregado em 52ms (0 KB)
📝 [08:55:39] [NAVEGADOR]: 🏗️ [DOM]: Estrutura básica carregada. Iniciando montagem do motor...
📝 [08:55:39] [NAVEGADOR]: 📦 [ARQUIVO]: fonts.css carregado em 11ms (0 KB)
📝 [08:55:39] [NAVEGADOR]: 📦 [ARQUIVO]: app.css?v=fresh_layout carregado em 11ms (0 KB)
📝 [08:55:39] [NAVEGADOR]: 📦 [ARQUIVO]: modal.css carregado em 12ms (0 KB)
📝 [08:55:39] [NAVEGADOR]: 📦 [ARQUIVO]: web.dv.js carregado em 22ms (0 KB)
📝 [08:55:39] [NAVEGADOR]: 📦 [ARQUIVO]: filters.js carregado em 23ms (0 KB)
📝 [08:55:39] [NAVEGADOR]: 📦 [ARQUIVO]: web.cs.js carregado em 25ms (0 KB)
📝 [08:55:39] [NAVEGADOR]: 📦 [ARQUIVO]: WebSocket.js carregado em 26ms (0 KB)
📝 [08:55:39] [NAVEGADOR]: 📦 [ARQUIVO]: modal.js carregado em 29ms (0 KB)
📝 [08:55:39] [NAVEGADOR]: 📦 [ARQUIVO]: tabs.js carregado em 29ms (0 KB)
📝 [08:55:39] [NAVEGADOR]: 📦 [ARQUIVO]: chart.js carregado em 31ms (0 KB)
📝 [08:55:39] [NAVEGADOR]: 📦 [ARQUIVO]: system-controls.js carregado em 31ms (0 KB)
📝 [08:55:39] [NAVEGADOR]: 📦 [ARQUIVO]: dark_minute.png carregado em 4ms (1 KB)
📝 [08:55:39] [NAVEGADOR]: 🏁 [SISTEMA]: Todos os arquivos base foram baixados. O motor está em ignição!
📝 [08:55:39] [NAVEGADOR]: 📦 [ARQUIVO]: SEGOEUIB-DczJKTk6.TTF carregado em 0ms (0 KB)
📝 [08:55:39] [NAVEGADOR]: 📦 [ARQUIVO]: SEGOEUISL-Cf5d3PPb.TTF carregado em 0ms (0 KB)
📝 [08:55:39] [NAVEGADOR]: 📦 [ARQUIVO]: NQFUT carregado em 20ms (0 KB)
📝 [08:55:39] [NAVEGADOR]: 📦 [ARQUIVO]: NQFUT carregado em 27ms (0 KB)
📝 [08:55:39] [NAVEGADOR]: 📦 [ARQUIVO]: collect?v=2&tid=G-CQ7FFRD2SQ&gtm=45je65q2v884823007za200zd884823007&_p=1779969338988&gcd=13l3l3l3l1l1&npa=0&dma=0&_eu=AAAAAAQ&are=1&cid=1983032356.1779735185&frm=0&pscdl=noapi&rcb=9&sr=1366x768&uaa=x86&uab=64&uafvl=Chromium%3B148.0.7778.179%7CGoogle%2520Chrome%3B148.0.7778.179%7CNot%252FA)Brand%3B99.0.0.0&uam=&uamb=0&uap=Windows&uapv=19.0.0&uaw=0&ul=pt-br&_s=1&tag_exp=0~115616985~115938466~115938469~118694324~119034492~119064590&sid=1779969333&sct=15&seg=1&dl=http%3A%2F%2Flocalhost%2FGrafico%2Findex.html&dr=http%3A%2F%2Flocalhost%3A3000%2FGrafico%2Findex.html&dt=Gr%C3%A1ficoFootPrint&en=page_view&_ee=1&tfd=228 carregado em 62ms (0 KB)
📝 [08:55:44] [NAVEGADOR]: 📦 [ARQUIVO]: collect?v=2&tid=G-CQ7FFRD2SQ&gtm=45je65q2v884823007za200zd884823007&_p=1779969338988&gcd=13l3l3l3l1l1&npa=0&dma=0&_eu=AEAAAAQ&ae=a&are=1&cid=1983032356.1779735185&frm=0&pscdl=noapi&rcb=9&sr=1366x768&uaa=x86&uab=64&uafvl=Chromium%3B148.0.7778.179%7CGoogle%2520Chrome%3B148.0.7778.179%7CNot%252FA)Brand%3B99.0.0.0&uam=&uamb=0&uap=Windows&uapv=19.0.0&uaw=0&ul=pt-br&_s=2&tag_exp=0~115616985~115938466~115938469~118694324~119034492~119064590&sid=1779969333&sct=15&seg=1&dl=http%3A%2F%2Flocalhost%2FGrafico%2Findex.html&dr=http%3A%2F%2Flocalhost%3A3000%2FGrafico%2Findex.html&dt=Gr%C3%A1ficoFootPrint&en=scroll&epn.percent_scrolled=90&_et=11&tfd=5240 carregado em 67ms (0 KB)
📝 [08:56:01] [NAVEGADOR]: 📦 [ARQUIVO]: dark_point.png carregado em 4ms (1 KB)
📝 [08:56:38] [NAVEGADOR]: 📦 [ARQUIVO]: dark_point.png carregado em 3ms (0 KB)
📝 [09:04:18] [NAVEGADOR]: 📦 [ARQUIVO]: dark_point.png carregado em 311ms (0 KB)
📝 [09:04:19] [NAVEGADOR]: 🏗️ [DOM]: Estrutura básica carregada. Iniciando montagem do motor...
📝 [09:04:19] [NAVEGADOR]: 📦 [ARQUIVO]: fonts.css carregado em 9ms (0 KB)
📝 [09:04:19] [NAVEGADOR]: 📦 [ARQUIVO]: app.css?v=fresh_layout carregado em 10ms (0 KB)
📝 [09:04:19] [NAVEGADOR]: 📦 [ARQUIVO]: modal.css carregado em 11ms (0 KB)
📝 [09:04:19] [NAVEGADOR]: 📦 [ARQUIVO]: web.dv.js carregado em 18ms (0 KB)
📝 [09:04:19] [NAVEGADOR]: 📦 [ARQUIVO]: filters.js carregado em 19ms (0 KB)
📝 [09:04:19] [NAVEGADOR]: 📦 [ARQUIVO]: web.cs.js carregado em 21ms (0 KB)
📝 [09:04:19] [NAVEGADOR]: 📦 [ARQUIVO]: WebSocket.js carregado em 21ms (0 KB)
📝 [09:04:19] [NAVEGADOR]: 📦 [ARQUIVO]: modal.js carregado em 22ms (0 KB)
📝 [09:04:19] [NAVEGADOR]: 📦 [ARQUIVO]: tabs.js carregado em 27ms (0 KB)
📝 [09:04:19] [NAVEGADOR]: 📦 [ARQUIVO]: chart.js carregado em 27ms (0 KB)
📝 [09:04:19] [NAVEGADOR]: 📦 [ARQUIVO]: system-controls.js carregado em 29ms (0 KB)
📝 [09:04:19] [NAVEGADOR]: 📦 [ARQUIVO]: SEGOEUISL-Cf5d3PPb.TTF carregado em 0ms (0 KB)
📝 [09:04:19] [NAVEGADOR]: 📦 [ARQUIVO]: SEGOEUIB-DczJKTk6.TTF carregado em 0ms (0 KB)
📝 [09:04:19] [NAVEGADOR]: 🏁 [SISTEMA]: Todos os arquivos base foram baixados. O motor está em ignição!
📝 [09:04:20] [NAVEGADOR]: 📦 [ARQUIVO]: collect?v=2&tid=G-CQ7FFRD2SQ&gtm=45je65q2v884823007za200zd884823007&_p=1779969859809&gcd=13l3l3l3l1l1&npa=0&dma=0&_eu=AAAAAAQ&are=1&cid=1983032356.1779735185&frm=0&pscdl=noapi&rcb=8&sr=1366x768&uaa=x86&uab=64&uafvl=Chromium%3B148.0.7778.179%7CGoogle%2520Chrome%3B148.0.7778.179%7CNot%252FA)Brand%3B99.0.0.0&uam=&uamb=0&uap=Windows&uapv=19.0.0&uaw=0&ul=pt-br&_s=1&tag_exp=0~115938466~115938469~119034493&sid=1779969333&sct=15&seg=1&dl=http%3A%2F%2Flocalhost%2FGrafico%2Findex.html&dr=http%3A%2F%2Flocalhost%3A3000%2FGrafico%2Findex.html&dt=Gr%C3%A1ficoFootPrint&en=page_view&_ee=1&tfd=260 carregado em 63ms (0 KB)
📝 [09:04:20] [NAVEGADOR]: 📦 [ARQUIVO]: NQFUT carregado em 205ms (0 KB)
📝 [09:04:21] [NAVEGADOR]: 📦 [ARQUIVO]: dark_minute.png carregado em 4ms (0 KB)
📝 [09:04:21] [NAVEGADOR]: 📦 [ARQUIVO]: dark_point.png carregado em 5ms (0 KB)
📝 [09:04:25] [NAVEGADOR]: 📦 [ARQUIVO]: collect?v=2&tid=G-CQ7FFRD2SQ&gtm=45je65q2v884823007za200zd884823007&_p=1779969859809&gcd=13l3l3l3l1l1&npa=0&dma=0&_eu=AEAAAAQ&ae=a&are=1&cid=1983032356.1779735185&frm=0&pscdl=noapi&rcb=8&sr=1366x768&uaa=x86&uab=64&uafvl=Chromium%3B148.0.7778.179%7CGoogle%2520Chrome%3B148.0.7778.179%7CNot%252FA)Brand%3B99.0.0.0&uam=&uamb=0&uap=Windows&uapv=19.0.0&uaw=0&ul=pt-br&_s=2&tag_exp=0~115938466~115938469~119034493&sid=1779969333&sct=15&seg=1&dl=http%3A%2F%2Flocalhost%2FGrafico%2Findex.html&dr=http%3A%2F%2Flocalhost%3A3000%2FGrafico%2Findex.html&dt=Gr%C3%A1ficoFootPrint&en=scroll&epn.percent_scrolled=90&_et=8&tfd=5265 carregado em 72ms (0 KB)
📝 [09:04:42] [NAVEGADOR]: 📦 [ARQUIVO]: chart.js carregado em 47ms (0 KB)
📝 [09:04:42] [NAVEGADOR]: 📦 [ARQUIVO]: system-controls.js carregado em 77ms (0 KB)
📝 [09:04:42] [NAVEGADOR]: 📦 [ARQUIVO]: recaptcha__pt_br.js carregado em 85ms (0 KB)
📝 [09:04:42] [NAVEGADOR]: 📦 [ARQUIVO]: js?id=G-CQ7FFRD2SQ carregado em 82ms (0 KB)
📝 [09:04:42] [NAVEGADOR]: 🏗️ [DOM]: Estrutura básica carregada. Iniciando montagem do motor...
📝 [09:04:42] [NAVEGADOR]: 📦 [ARQUIVO]: SEGOEUISL-Cf5d3PPb.TTF carregado em 35ms (0 KB)
📝 [09:04:42] [NAVEGADOR]: 📦 [ARQUIVO]: SEGOEUIB-DczJKTk6.TTF carregado em 59ms (0 KB)
📝 [09:04:42] [NAVEGADOR]: 📦 [ARQUIVO]: NQFUT carregado em 69ms (0 KB)
📝 [09:04:42] [NAVEGADOR]: 🏁 [SISTEMA]: Todos os arquivos base foram baixados. O motor está em ignição!
📝 [09:04:42] [NAVEGADOR]: 📦 [ARQUIVO]: favicon.ico carregado em 3ms (0 KB)
📝 [09:04:42] [NAVEGADOR]: 📦 [ARQUIVO]: collect?v=2&tid=G-CQ7FFRD2SQ&gtm=45je65q2v884823007za200zd884823007&_p=1779969882389&gcd=13l3l3l3l1l1&npa=0&dma=0&_eu=AAAAAAQ&are=1&cid=1006347174.1779721657&frm=0&pscdl=noapi&rcb=15&sr=1366x768&uaa=x86&uab=64&uafvl=Chromium%3B148.0.7778.180%7CMicrosoft%2520Edge%3B148.0.3967.83%7CNot%252FA)Brand%3B99.0.0.0&uam=&uamb=0&uap=Windows&uapv=19.0.0&uaw=0&ul=pt-br&_s=1&tag_exp=0~115616985~115938465~115938468~118128922~119034493&sid=1779969313&sct=16&seg=1&dl=http%3A%2F%2Flocalhost%2FGrafico%2Findex.html&dt=Gr%C3%A1ficoFootPrint&en=page_view&_ee=1&tfd=2092 carregado em 159ms (0 KB)
📝 [09:05:02] [NAVEGADOR]: 📦 [ARQUIVO]: dark_minute.png carregado em 320ms (0 KB)
📝 [09:05:02] [NAVEGADOR]: 📦 [ARQUIVO]: dark_point.png carregado em 319ms (0 KB)
📝 [09:05:04] [NAVEGADOR]: 📦 [ARQUIVO]: dark_minute.png carregado em 3ms (0 KB)
📝 [09:05:26] [NAVEGADOR]: 📦 [ARQUIVO]: dark_minute.png carregado em 3ms (0 KB)
📝 [09:05:26] [NAVEGADOR]: 📦 [ARQUIVO]: dark_point.png carregado em 5ms (0 KB)
📝 [09:05:31] [NAVEGADOR]: 🏗️ [DOM]: Estrutura básica carregada. Iniciando montagem do motor...
📝 [09:05:31] [NAVEGADOR]: 📦 [ARQUIVO]: recaptcha__pt_br.js carregado em 175ms (366 KB)
📝 [09:05:31] [NAVEGADOR]: 📦 [ARQUIVO]: SEGOEUISL-Cf5d3PPb.TTF carregado em 22ms (844 KB)
📝 [09:05:31] [NAVEGADOR]: 📦 [ARQUIVO]: SEGOEUIB-DczJKTk6.TTF carregado em 24ms (942 KB)
📝 [09:05:31] [NAVEGADOR]: 📦 [ARQUIVO]: NQFUT carregado em 121ms (0 KB)
📝 [09:05:31] [NAVEGADOR]: 📦 [ARQUIVO]: js?id=G-CQ7FFRD2SQ carregado em 398ms (0 KB)
📝 [09:05:31] [NAVEGADOR]: 🏁 [SISTEMA]: Todos os arquivos base foram baixados. O motor está em ignição!
📝 [09:05:31] [NAVEGADOR]: 📦 [ARQUIVO]: favicon.ico carregado em 2ms (0 KB)
📝 [09:05:31] [NAVEGADOR]: 📦 [ARQUIVO]: collect?v=2&tid=G-CQ7FFRD2SQ&gtm=45je65q2v884823007za200zd884823007&_p=1779969931493&gcd=13l3l3l3l1l1&npa=0&dma=0&_eu=AAAAAAQ&are=1&cid=1983032356.1779735185&frm=0&pscdl=noapi&rcb=1&sr=1366x768&uaa=x86&uab=64&uafvl=Chromium%3B148.0.7778.179%7CGoogle%2520Chrome%3B148.0.7778.179%7CNot%252FA)Brand%3B99.0.0.0&uam=&uamb=0&uap=Windows&uapv=19.0.0&uaw=0&ul=pt-br&_s=1&tag_exp=0~115616986~115938465~115938469~119169249&sid=1779969333&sct=15&seg=1&dl=http%3A%2F%2Flocalhost%2FGrafico%2Findex.html&dr=http%3A%2F%2Flocalhost%3A3000%2FGrafico%2Findex.html&dt=Gr%C3%A1ficoFootPrint&en=page_view&_ee=1&tfd=470 carregado em 66ms (0 KB)
📝 [09:05:33] [NAVEGADOR]: 📦 [ARQUIVO]: dark_minute.png carregado em 3ms (0 KB)
📝 [09:05:33] [NAVEGADOR]: 📦 [ARQUIVO]: dark_point.png carregado em 4ms (0 KB)
📝 [09:05:36] [NAVEGADOR]: 📦 [ARQUIVO]: collect?v=2&tid=G-CQ7FFRD2SQ&gtm=45je65q2v884823007za200zd884823007&_p=1779969931493&gcd=13l3l3l3l1l1&npa=0&dma=0&_eu=AEAAAAQ&ae=a&are=1&cid=1983032356.1779735185&frm=0&pscdl=noapi&rcb=1&sr=1366x768&uaa=x86&uab=64&uafvl=Chromium%3B148.0.7778.179%7CGoogle%2520Chrome%3B148.0.7778.179%7CNot%252FA)Brand%3B99.0.0.0&uam=&uamb=0&uap=Windows&uapv=19.0.0&uaw=0&ul=pt-br&_s=2&tag_exp=0~115616986~115938465~115938469~119169249&sid=1779969333&sct=15&seg=1&dl=http%3A%2F%2Flocalhost%2FGrafico%2Findex.html&dr=http%3A%2F%2Flocalhost%3A3000%2FGrafico%2Findex.html&dt=Gr%C3%A1ficoFootPrint&en=scroll&epn.percent_scrolled=90&_et=5&tfd=5482 carregado em 70ms (0 KB)
📝 [09:06:40] [NAVEGADOR]: 📦 [ARQUIVO]: tabs.js carregado em 48ms (0 KB)
📝 [09:06:40] [NAVEGADOR]: 📦 [ARQUIVO]: chart.js carregado em 48ms (0 KB)
📝 [09:06:40] [NAVEGADOR]: 📦 [ARQUIVO]: system-controls.js carregado em 57ms (0 KB)
📝 [09:06:40] [NAVEGADOR]: 📦 [ARQUIVO]: recaptcha__pt_br.js carregado em 64ms (0 KB)
📝 [09:06:40] [NAVEGADOR]: 📦 [ARQUIVO]: js?id=G-CQ7FFRD2SQ carregado em 58ms (0 KB)
📝 [09:06:40] [NAVEGADOR]: 🏗️ [DOM]: Estrutura básica carregada. Iniciando montagem do motor...
📝 [09:06:40] [NAVEGADOR]: 📦 [ARQUIVO]: SEGOEUISL-Cf5d3PPb.TTF carregado em 89ms (0 KB)
📝 [09:06:40] [NAVEGADOR]: 📦 [ARQUIVO]: SEGOEUIB-DczJKTk6.TTF carregado em 89ms (0 KB)
📝 [09:06:40] [NAVEGADOR]: 🏁 [SISTEMA]: Todos os arquivos base foram baixados. O motor está em ignição!
📝 [09:06:40] [NAVEGADOR]: 📦 [ARQUIVO]: NQFUT carregado em 80ms (0 KB)
📝 [09:06:40] [NAVEGADOR]: 📦 [ARQUIVO]: favicon.ico carregado em 3ms (0 KB)
📝 [09:06:40] [NAVEGADOR]: 📦 [ARQUIVO]: collect?v=2&tid=G-CQ7FFRD2SQ&gtm=45je65q2v884823007za200zd884823007&_p=1779970000178&gcd=13l3l3l3l1l1&npa=0&dma=0&_eu=AAAAAAQ&are=1&cid=1006347174.1779721657&frm=0&pscdl=noapi&rcb=6&sr=1366x768&uaa=x86&uab=64&uafvl=Chromium%3B148.0.7778.180%7CMicrosoft%2520Edge%3B148.0.3967.83%7CNot%252FA)Brand%3B99.0.0.0&uam=&uamb=0&uap=Windows&uapv=19.0.0&uaw=0&ul=pt-br&_s=1&tag_exp=0~115938465~115938468&sid=1779969313&sct=16&seg=1&dl=http%3A%2F%2Flocalhost%2FGrafico%2Findex.html&dt=Gr%C3%A1ficoFootPrint&en=page_view&_ee=1&tfd=1828 carregado em 156ms (0 KB)
📝 [09:06:44] [NAVEGADOR]: 📦 [ARQUIVO]: dark_minute.png carregado em 313ms (1 KB)
📝 [09:06:44] [NAVEGADOR]: 📦 [ARQUIVO]: dark_point.png carregado em 317ms (1 KB)
📝 [09:06:45] [NAVEGADOR]: 📦 [ARQUIVO]: collect?v=2&tid=G-CQ7FFRD2SQ&gtm=45je65q2v884823007za200zd884823007&_p=1779970000178&gcd=13l3l3l3l1l1&npa=0&dma=0&_eu=AEAAAAQ&ae=a&are=1&cid=1006347174.1779721657&frm=0&pscdl=noapi&rcb=6&sr=1366x768&uaa=x86&uab=64&uafvl=Chromium%3B148.0.7778.180%7CMicrosoft%2520Edge%3B148.0.3967.83%7CNot%252FA)Brand%3B99.0.0.0&uam=&uamb=0&uap=Windows&uapv=19.0.0&uaw=0&ul=pt-br&_s=2&tag_exp=0~115938465~115938468&sid=1779969313&sct=16&seg=1&dl=http%3A%2F%2Flocalhost%2FGrafico%2Findex.html&dt=Gr%C3%A1ficoFootPrint&en=scroll&epn.percent_scrolled=90&_et=8&tfd=6830 carregado em 144ms (0 KB)
📝 [09:06:54] [NAVEGADOR]: 🏗️ [DOM]: Estrutura básica carregada. Iniciando montagem do motor...
📝 [09:06:54] [NAVEGADOR]: 📦 [ARQUIVO]: recaptcha__pt_br.js carregado em 185ms (366 KB)
📝 [09:06:54] [NAVEGADOR]: 📦 [ARQUIVO]: SEGOEUISL-Cf5d3PPb.TTF carregado em 26ms (844 KB)
📝 [09:06:54] [NAVEGADOR]: 📦 [ARQUIVO]: SEGOEUIB-DczJKTk6.TTF carregado em 27ms (942 KB)
📝 [09:06:54] [NAVEGADOR]: 📦 [ARQUIVO]: NQFUT carregado em 152ms (0 KB)
📝 [09:06:54] [NAVEGADOR]: 📦 [ARQUIVO]: js?id=G-CQ7FFRD2SQ carregado em 376ms (0 KB)
📝 [09:06:55] [NAVEGADOR]: 🏁 [SISTEMA]: Todos os arquivos base foram baixados. O motor está em ignição!
📝 [09:06:55] [NAVEGADOR]: 📦 [ARQUIVO]: favicon.ico carregado em 2ms (0 KB)
📝 [09:06:55] [NAVEGADOR]: 📦 [ARQUIVO]: collect?v=2&tid=G-CQ7FFRD2SQ&gtm=45je65q2v884823007za200zd884823007&_p=1779970014755&gcd=13l3l3l3l1l1&npa=0&dma=0&_eu=AAAAAAQ&are=1&cid=1983032356.1779735185&frm=0&pscdl=noapi&rcb=1&sr=1366x768&uaa=x86&uab=64&uafvl=Chromium%3B148.0.7778.179%7CGoogle%2520Chrome%3B148.0.7778.179%7CNot%252FA)Brand%3B99.0.0.0&uam=&uamb=0&uap=Windows&uapv=19.0.0&uaw=0&ul=pt-br&_s=1&tag_exp=0~115616985~115938466~115938469~119169247&sid=1779969333&sct=15&seg=1&dl=http%3A%2F%2Flocalhost%2FGrafico%2Findex.html&dr=http%3A%2F%2Flocalhost%3A3000%2FGrafico%2Findex.html&dt=Gr%C3%A1ficoFootPrint&en=page_view&_ee=1&tfd=730 carregado em 73ms (0 KB)
📝 [09:06:57] [NAVEGADOR]: 📦 [ARQUIVO]: dark_minute.png carregado em 3ms (0 KB)
📝 [09:06:57] [NAVEGADOR]: 📦 [ARQUIVO]: dark_point.png carregado em 4ms (0 KB)
📝 [09:07:00] [NAVEGADOR]: 📦 [ARQUIVO]: collect?v=2&tid=G-CQ7FFRD2SQ&gtm=45je65q2v884823007za200zd884823007&_p=1779970014755&gcd=13l3l3l3l1l1&npa=0&dma=0&_eu=AEAAAAQ&ae=a&are=1&cid=1983032356.1779735185&frm=0&pscdl=noapi&rcb=1&sr=1366x768&uaa=x86&uab=64&uafvl=Chromium%3B148.0.7778.179%7CGoogle%2520Chrome%3B148.0.7778.179%7CNot%252FA)Brand%3B99.0.0.0&uam=&uamb=0&uap=Windows&uapv=19.0.0&uaw=0&ul=pt-br&_s=2&tag_exp=0~115616985~115938466~115938469~119169247&sid=1779969333&sct=15&seg=1&dl=http%3A%2F%2Flocalhost%2FGrafico%2Findex.html&dr=http%3A%2F%2Flocalhost%3A3000%2FGrafico%2Findex.html&dt=Gr%C3%A1ficoFootPrint&en=scroll&epn.percent_scrolled=90&_et=4&tfd=6093 carregado em 71ms (0 KB)
📝 [09:08:44] [NAVEGADOR]: 📦 [ARQUIVO]: chart.js carregado em 48ms (0 KB)
📝 [09:08:44] [NAVEGADOR]: 📦 [ARQUIVO]: system-controls.js carregado em 48ms (0 KB)
📝 [09:08:44] [NAVEGADOR]: 📦 [ARQUIVO]: recaptcha__pt_br.js carregado em 63ms (0 KB)
📝 [09:08:44] [NAVEGADOR]: 📦 [ARQUIVO]: js?id=G-CQ7FFRD2SQ carregado em 59ms (0 KB)
📝 [09:08:44] [NAVEGADOR]: 🏗️ [DOM]: Estrutura básica carregada. Iniciando montagem do motor...
📝 [09:08:44] [NAVEGADOR]: 📦 [ARQUIVO]: SEGOEUISL-Cf5d3PPb.TTF carregado em 86ms (0 KB)
📝 [09:08:44] [NAVEGADOR]: 📦 [ARQUIVO]: SEGOEUIB-DczJKTk6.TTF carregado em 90ms (0 KB)
📝 [09:08:44] [NAVEGADOR]: 📦 [ARQUIVO]: NQFUT carregado em 64ms (0 KB)
📝 [09:08:44] [NAVEGADOR]: 🏁 [SISTEMA]: Todos os arquivos base foram baixados. O motor está em ignição!
📝 [09:08:44] [NAVEGADOR]: 📦 [ARQUIVO]: favicon.ico carregado em 4ms (0 KB)
📝 [09:08:44] [NAVEGADOR]: 📦 [ARQUIVO]: collect?v=2&tid=G-CQ7FFRD2SQ&gtm=45je65q2v884823007za200zd884823007&_p=1779970124177&gcd=13l3l3l3l1l1&npa=0&dma=0&_eu=AAAAAAQ&are=1&cid=1006347174.1779721657&frm=0&pscdl=noapi&rcb=17&sr=1366x768&uaa=x86&uab=64&uafvl=Chromium%3B148.0.7778.180%7CMicrosoft%2520Edge%3B148.0.3967.83%7CNot%252FA)Brand%3B99.0.0.0&uam=&uamb=0&uap=Windows&uapv=19.0.0&uaw=0&ul=pt-br&_s=1&tag_exp=0~115616985~115938465~115938468~119169249&sid=1779969313&sct=16&seg=1&dl=http%3A%2F%2Flocalhost%2FGrafico%2Findex.html&dt=Gr%C3%A1ficoFootPrint&en=page_view&_ee=1&tfd=1857 carregado em 169ms (0 KB)
📝 [09:08:49] [NAVEGADOR]: 📦 [ARQUIVO]: collect?v=2&tid=G-CQ7FFRD2SQ&gtm=45je65q2v884823007za200zd884823007&_p=1779970124177&gcd=13l3l3l3l1l1&npa=0&dma=0&_eu=AEAAAAQ&ae=a&are=1&cid=1006347174.1779721657&frm=0&pscdl=noapi&rcb=17&sr=1366x768&uaa=x86&uab=64&uafvl=Chromium%3B148.0.7778.180%7CMicrosoft%2520Edge%3B148.0.3967.83%7CNot%252FA)Brand%3B99.0.0.0&uam=&uamb=0&uap=Windows&uapv=19.0.0&uaw=0&ul=pt-br&_s=2&tag_exp=0~115616985~115938465~115938468~119169249&sid=1779969313&sct=16&seg=1&dl=http%3A%2F%2Flocalhost%2FGrafico%2Findex.html&dt=Gr%C3%A1ficoFootPrint&en=scroll&epn.percent_scrolled=90&_et=8&tfd=6859 carregado em 135ms (0 KB)
📝 [09:10:13] [NAVEGADOR]: 📦 [ARQUIVO]: tabs.js carregado em 46ms (0 KB)
📝 [09:10:13] [NAVEGADOR]: 📦 [ARQUIVO]: chart.js carregado em 47ms (0 KB)
📝 [09:10:13] [NAVEGADOR]: 📦 [ARQUIVO]: system-controls.js carregado em 55ms (0 KB)
📝 [09:10:13] [NAVEGADOR]: 📦 [ARQUIVO]: js?id=G-CQ7FFRD2SQ carregado em 56ms (0 KB)
📝 [09:10:13] [NAVEGADOR]: 📦 [ARQUIVO]: recaptcha__pt_br.js carregado em 59ms (0 KB)
📝 [09:10:13] [NAVEGADOR]: 🏗️ [DOM]: Estrutura básica carregada. Iniciando montagem do motor...
📝 [09:10:13] [NAVEGADOR]: 📦 [ARQUIVO]: SEGOEUIB-DczJKTk6.TTF carregado em 23ms (0 KB)
📝 [09:10:13] [NAVEGADOR]: 📦 [ARQUIVO]: SEGOEUISL-Cf5d3PPb.TTF carregado em 19ms (0 KB)
📝 [09:10:13] [NAVEGADOR]: 🏁 [SISTEMA]: Todos os arquivos base foram baixados. O motor está em ignição!
📝 [09:10:13] [NAVEGADOR]: 📦 [ARQUIVO]: NQFUT carregado em 16ms (0 KB)
📝 [09:10:13] [NAVEGADOR]: 📦 [ARQUIVO]: collect?v=2&tid=G-CQ7FFRD2SQ&gtm=45je65q2v884823007za200zd884823007&_p=1779970213513&gcd=13l3l3l3l1l1&npa=0&dma=0&_eu=AAAAAAQ&are=1&cid=1983032356.1779735185&frm=0&pscdl=noapi&rcb=18&sr=1366x768&uaa=x86&uab=64&uafvl=Chromium%3B148.0.7778.179%7CGoogle%2520Chrome%3B148.0.7778.179%7CNot%252FA)Brand%3B99.0.0.0&uam=&uamb=0&uap=Windows&uapv=19.0.0&uaw=0&ul=pt-br&_s=1&tag_exp=0~115616985~115938466~115938469~118694324&sid=1779969333&sct=15&seg=1&dl=http%3A%2F%2Flocalhost%2FGrafico%2Findex.html&dr=http%3A%2F%2Flocalhost%3A3000%2FGrafico%2Findex.html&dt=Gr%C3%A1ficoFootPrint&en=page_view&_ee=1&tfd=651 carregado em 65ms (0 KB)
📝 [09:10:15] [NAVEGADOR]: 📦 [ARQUIVO]: dark_minute.png carregado em 3ms (0 KB)
📝 [09:10:15] [NAVEGADOR]: 📦 [ARQUIVO]: dark_point.png carregado em 3ms (0 KB)
📝 [09:10:16] [NAVEGADOR]: 📦 [ARQUIVO]: WINFUT carregado em 103ms (27 KB)
📝 [09:10:18] [NAVEGADOR]: 📦 [ARQUIVO]: collect?v=2&tid=G-CQ7FFRD2SQ&gtm=45je65q2v884823007za200zd884823007&_p=1779970213513&gcd=13l3l3l3l1l1&npa=0&dma=0&_eu=AEAAAAQ&ae=a&are=1&cid=1983032356.1779735185&frm=0&pscdl=noapi&rcb=18&sr=1366x768&uaa=x86&uab=64&uafvl=Chromium%3B148.0.7778.179%7CGoogle%2520Chrome%3B148.0.7778.179%7CNot%252FA)Brand%3B99.0.0.0&uam=&uamb=0&uap=Windows&uapv=19.0.0&uaw=0&ul=pt-br&_s=2&tag_exp=0~115616985~115938466~115938469~118694324&sid=1779969333&sct=15&seg=1&dl=http%3A%2F%2Flocalhost%2FGrafico%2Findex.html&dr=http%3A%2F%2Flocalhost%3A3000%2FGrafico%2Findex.html&dt=Gr%C3%A1ficoFootPrint&en=scroll&epn.percent_scrolled=90&_et=12&tfd=5658 carregado em 66ms (0 KB)
📝 [09:10:27] [NAVEGADOR]: 📦 [ARQUIVO]: WINFUT carregado em 123ms (34 KB)
📝 [09:10:27] [NAVEGADOR]: 📦 [ARQUIVO]: WINFUT carregado em 219ms (34 KB)
📝 [10:03:07] [NAVEGADOR]: 📦 [ARQUIVO]: clear carregado em 1877ms (0 KB)
📝 [10:03:08] [NAVEGADOR]: 🏗️ [DOM]: Estrutura básica carregada. Iniciando montagem do motor...
📝 [10:03:08] [NAVEGADOR]: 📦 [ARQUIVO]: web.dv.js carregado em 47ms (0 KB)
📝 [10:03:08] [NAVEGADOR]: 📦 [ARQUIVO]: filters.js carregado em 47ms (0 KB)
📝 [10:03:08] [NAVEGADOR]: 📦 [ARQUIVO]: web.cs.js carregado em 49ms (0 KB)
📝 [10:03:08] [NAVEGADOR]: 📦 [ARQUIVO]: WebSocket.js carregado em 50ms (0 KB)
📝 [10:03:08] [NAVEGADOR]: 📦 [ARQUIVO]: modal.js carregado em 52ms (0 KB)
📝 [10:03:08] [NAVEGADOR]: 📦 [ARQUIVO]: tabs.js carregado em 53ms (0 KB)
📝 [10:03:08] [NAVEGADOR]: 📦 [ARQUIVO]: chart.js carregado em 55ms (0 KB)
📝 [10:03:08] [NAVEGADOR]: 📦 [ARQUIVO]: system-controls.js carregado em 57ms (0 KB)
📝 [10:03:08] [NAVEGADOR]: 📦 [ARQUIVO]: SEGOEUISL-Cf5d3PPb.TTF carregado em 0ms (0 KB)
📝 [10:03:08] [NAVEGADOR]: 📦 [ARQUIVO]: SEGOEUIB-DczJKTk6.TTF carregado em 0ms (0 KB)
📝 [10:03:08] [NAVEGADOR]: 📦 [ARQUIVO]: dark_minute.png carregado em 2ms (0 KB)
📝 [10:03:08] [NAVEGADOR]: 📦 [ARQUIVO]: js?id=G-CQ7FFRD2SQ carregado em 360ms (0 KB)
📝 [10:03:08] [NAVEGADOR]: 🏁 [SISTEMA]: Todos os arquivos base foram baixados. O motor está em ignição!
📝 [10:03:08] [NAVEGADOR]: 📦 [ARQUIVO]: collect?v=2&tid=G-CQ7FFRD2SQ&gtm=45je65q2v884823007za200zd884823007&_p=1779973388111&gcd=13l3l3l3l1l1&npa=0&dma=0&_eu=AAAAAAQ&are=1&cid=1983032356.1779735185&frm=0&pscdl=noapi&rcb=6&sr=1366x768&uaa=x86&uab=64&uafvl=Chromium%3B148.0.7778.179%7CGoogle%2520Chrome%3B148.0.7778.179%7CNot%252FA)Brand%3B99.0.0.0&uam=&uamb=0&uap=Windows&uapv=19.0.0&uaw=0&ul=pt-br&_s=1&tag_exp=0~115616986~115938465~115938469~118689382&sid=1779973388&sct=16&seg=1&dl=http%3A%2F%2Flocalhost%2FGrafico%2Findex.html&dr=http%3A%2F%2Flocalhost%3A3000%2FGrafico%2Findex.html&dt=Gr%C3%A1ficoFootPrint&en=page_view&_ee=1&tfd=430 carregado em 60ms (0 KB)
📝 [10:03:08] [NAVEGADOR]: 📦 [ARQUIVO]: NQFUT carregado em 571ms (0 KB)
📝 [10:03:08] [NAVEGADOR]: 📦 [ARQUIVO]: NQFUT carregado em 591ms (0 KB)
📝 [10:05:03] [NAVEGADOR]: 📦 [ARQUIVO]: chart.js carregado em 47ms (0 KB)
📝 [10:05:03] [NAVEGADOR]: 📦 [ARQUIVO]: system-controls.js carregado em 47ms (0 KB)
📝 [10:05:03] [NAVEGADOR]: 📦 [ARQUIVO]: recaptcha__pt_br.js carregado em 62ms (0 KB)
📝 [10:05:03] [NAVEGADOR]: 🏗️ [DOM]: Estrutura básica carregada. Iniciando montagem do motor...
📝 [10:05:03] [NAVEGADOR]: 📦 [ARQUIVO]: SEGOEUISL-Cf5d3PPb.TTF carregado em 37ms (0 KB)
📝 [10:05:03] [NAVEGADOR]: 📦 [ARQUIVO]: SEGOEUIB-DczJKTk6.TTF carregado em 38ms (0 KB)
📝 [10:05:03] [NAVEGADOR]: 📦 [ARQUIVO]: NQFUT carregado em 70ms (0 KB)
📝 [10:05:03] [NAVEGADOR]: 📦 [ARQUIVO]: js?id=G-CQ7FFRD2SQ carregado em 347ms (0 KB)
📝 [10:05:03] [NAVEGADOR]: 🏁 [SISTEMA]: Todos os arquivos base foram baixados. O motor está em ignição!
📝 [10:05:03] [NAVEGADOR]: 📦 [ARQUIVO]: favicon.ico carregado em 3ms (0 KB)
📝 [10:05:04] [NAVEGADOR]: 📦 [ARQUIVO]: collect?v=2&tid=G-CQ7FFRD2SQ&gtm=45je65q2v884823007za200zd884823007&_p=1779973503661&gcd=13l3l3l3l1l1&npa=0&dma=0&_eu=AAAAAAQ&are=1&cid=1006347174.1779721657&frm=0&pscdl=noapi&rcb=3&sr=1366x768&uaa=x86&uab=64&uafvl=Chromium%3B148.0.7778.180%7CMicrosoft%2520Edge%3B148.0.3967.83%7CNot%252FA)Brand%3B99.0.0.0&uam=&uamb=0&uap=Windows&uapv=19.0.0&uaw=0&ul=pt-br&_s=1&tag_exp=0~115938465~115938469~118694324~119027222&sid=1779973503&sct=17&seg=0&dl=http%3A%2F%2Flocalhost%2FGrafico%2Findex.html&dt=Gr%C3%A1ficoFootPrint&en=page_view&_ss=1&_ee=1&tfd=2374 carregado em 175ms (0 KB)
📝 [10:05:09] [NAVEGADOR]: 📦 [ARQUIVO]: collect?v=2&tid=G-CQ7FFRD2SQ&gtm=45je65q2v884823007za200zd884823007&_p=1779973503661&gcd=13l3l3l3l1l1&npa=0&dma=0&_eu=AEAAAAQ&ae=a&are=1&cid=1006347174.1779721657&frm=0&pscdl=noapi&rcb=3&sr=1366x768&uaa=x86&uab=64&uafvl=Chromium%3B148.0.7778.180%7CMicrosoft%2520Edge%3B148.0.3967.83%7CNot%252FA)Brand%3B99.0.0.0&uam=&uamb=0&uap=Windows&uapv=19.0.0&uaw=0&ul=pt-br&_s=2&tag_exp=0~115938465~115938469~118694324~119027222&sid=1779973503&sct=17&seg=0&dl=http%3A%2F%2Flocalhost%2FGrafico%2Findex.html&dt=Gr%C3%A1ficoFootPrint&en=scroll&epn.percent_scrolled=90&tfd=7384 carregado em 133ms (0 KB)
📝 [10:05:59] [NAVEGADOR]: 📦 [ARQUIVO]: clear carregado em 343ms (0 KB)
📝 [10:05:59] [NAVEGADOR]: 🏗️ [DOM]: Estrutura básica carregada. Iniciando montagem do motor...
📝 [10:05:59] [NAVEGADOR]: 📦 [ARQUIVO]: web.dv.js carregado em 14ms (0 KB)
📝 [10:05:59] [NAVEGADOR]: 📦 [ARQUIVO]: filters.js carregado em 17ms (0 KB)
📝 [10:05:59] [NAVEGADOR]: 📦 [ARQUIVO]: web.cs.js carregado em 19ms (0 KB)
📝 [10:05:59] [NAVEGADOR]: 📦 [ARQUIVO]: WebSocket.js carregado em 20ms (0 KB)
📝 [10:05:59] [NAVEGADOR]: 📦 [ARQUIVO]: modal.js carregado em 21ms (0 KB)
📝 [10:05:59] [NAVEGADOR]: 📦 [ARQUIVO]: tabs.js carregado em 23ms (0 KB)
📝 [10:05:59] [NAVEGADOR]: 📦 [ARQUIVO]: chart.js carregado em 24ms (0 KB)
📝 [10:05:59] [NAVEGADOR]: 📦 [ARQUIVO]: system-controls.js carregado em 25ms (0 KB)
📝 [10:05:59] [NAVEGADOR]: 📦 [ARQUIVO]: SEGOEUISL-Cf5d3PPb.TTF carregado em 0ms (0 KB)
📝 [10:05:59] [NAVEGADOR]: 📦 [ARQUIVO]: SEGOEUIB-DczJKTk6.TTF carregado em 0ms (0 KB)
📝 [10:05:59] [NAVEGADOR]: 📦 [ARQUIVO]: dark_minute.png carregado em 50ms (0 KB)
📝 [10:05:59] [NAVEGADOR]: 🏁 [SISTEMA]: Todos os arquivos base foram baixados. O motor está em ignição!
📝 [10:05:59] [NAVEGADOR]: 📦 [ARQUIVO]: NQFUT carregado em 28ms (0 KB)
📝 [10:05:59] [NAVEGADOR]: 📦 [ARQUIVO]: NQFUT carregado em 38ms (0 KB)
📝 [10:05:59] [NAVEGADOR]: 📦 [ARQUIVO]: collect?v=2&tid=G-CQ7FFRD2SQ&gtm=45je65q2v884823007za200zd884823007&_p=1779973559641&gcd=13l3l3l3l1l1&npa=0&dma=0&_eu=AAAAAAQ&are=1&cid=1983032356.1779735185&frm=0&pscdl=noapi&rcb=4&sr=1366x768&uaa=x86&uab=64&uafvl=Chromium%3B148.0.7778.179%7CGoogle%2520Chrome%3B148.0.7778.179%7CNot%252FA)Brand%3B99.0.0.0&uam=&uamb=0&uap=Windows&uapv=19.0.0&uaw=0&ul=pt-br&_s=1&tag_exp=0~115616985~115938465~115938469~119034493~119169249&sid=1779973388&sct=16&seg=1&dl=http%3A%2F%2Flocalhost%2FGrafico%2Findex.html&dr=http%3A%2F%2Flocalhost%3A3000%2FGrafico%2Findex.html&dt=Gr%C3%A1ficoFootPrint&en=page_view&_ee=1&tfd=228 carregado em 68ms (0 KB)
📝 [10:06:04] [NAVEGADOR]: 📦 [ARQUIVO]: collect?v=2&tid=G-CQ7FFRD2SQ&gtm=45je65q2v884823007za200zd884823007&_p=1779973559641&gcd=13l3l3l3l1l1&npa=0&dma=0&_eu=AEAAAAQ&ae=a&are=1&cid=1983032356.1779735185&frm=0&pscdl=noapi&rcb=4&sr=1366x768&uaa=x86&uab=64&uafvl=Chromium%3B148.0.7778.179%7CGoogle%2520Chrome%3B148.0.7778.179%7CNot%252FA)Brand%3B99.0.0.0&uam=&uamb=0&uap=Windows&uapv=19.0.0&uaw=0&ul=pt-br&_s=2&tag_exp=0~115616985~115938465~115938469~119034493~119169249&sid=1779973388&sct=16&seg=1&dl=http%3A%2F%2Flocalhost%2FGrafico%2Findex.html&dr=http%3A%2F%2Flocalhost%3A3000%2FGrafico%2Findex.html&dt=Gr%C3%A1ficoFootPrint&en=scroll&epn.percent_scrolled=90&_et=12&tfd=5229 carregado em 65ms (0 KB)
📝 [10:07:06] [NAVEGADOR]: 📦 [ARQUIVO]: dark_point.png carregado em 305ms (0 KB)
📝 [10:07:07] [NAVEGADOR]: 📦 [ARQUIVO]: ESM6 carregado em 39ms (3 KB)
📝 [10:07:09] [NAVEGADOR]: 📦 [ARQUIVO]: ESM6 carregado em 36ms (3 KB)
📝 [10:07:09] [NAVEGADOR]: 📦 [ARQUIVO]: ESM6 carregado em 59ms (0 KB)
📝 [14:31:46] [NAVEGADOR]: 🏗️ [DOM]: Estrutura básica carregada. Iniciando montagem do motor...
📝 [14:31:46] [NAVEGADOR]: 📦 [ARQUIVO]: recaptcha__pt_br.js carregado em 236ms (366 KB)
📝 [14:31:46] [NAVEGADOR]: 📦 [ARQUIVO]: js?id=G-CQ7FFRD2SQ carregado em 511ms (0 KB)
📝 [14:31:46] [NAVEGADOR]: 📦 [ARQUIVO]: SEGOEUISL-Cf5d3PPb.TTF carregado em 576ms (844 KB)
📝 [14:31:46] [NAVEGADOR]: 🏁 [SISTEMA]: Todos os arquivos base foram baixados. O motor está em ignição!
📝 [14:31:46] [NAVEGADOR]: 📦 [ARQUIVO]: SEGOEUIB-DczJKTk6.TTF carregado em 578ms (942 KB)
📝 [14:31:46] [NAVEGADOR]: 📦 [ARQUIVO]: favicon.ico carregado em 3ms (0 KB)
📝 [14:31:46] [NAVEGADOR]: 📦 [ARQUIVO]: collect?v=2&tid=G-CQ7FFRD2SQ&gtm=45je65r2v884823007za200zd884823007&_p=1780075905859&gcd=13l3l3l3l1l1&npa=0&dma=0&_eu=AAAAAAQ&are=1&cid=1983032356.1779735185&frm=0&pscdl=noapi&rcb=10&sr=1366x768&uaa=x86&uab=64&uafvl=Chromium%3B148.0.7778.179%7CGoogle%2520Chrome%3B148.0.7778.179%7CNot%252FA)Brand%3B99.0.0.0&uam=&uamb=0&uap=Windows&uapv=19.0.0&uaw=0&ul=pt-br&_s=1&tag_exp=0~115938466~115938469~119027223~119034493&sid=1780075906&sct=18&seg=0&dl=http%3A%2F%2Flocalhost%2FGrafico%2Findex.html&dt=Gr%C3%A1ficoFootPrint&en=page_view&_ss=1&_ee=1&tfd=2185 carregado em 199ms (0 KB)
📝 [14:31:47] [NAVEGADOR]: 📦 [ARQUIVO]: ESM6 carregado em 1657ms (477 KB)
📝 [14:31:51] [NAVEGADOR]: 📦 [ARQUIVO]: collect?v=2&tid=G-CQ7FFRD2SQ&gtm=45je65r2v884823007za200zd884823007&_p=1780075905859&gcd=13l3l3l3l1l1&npa=0&dma=0&_eu=AEAAAAQ&ae=a&are=1&cid=1983032356.1779735185&frm=0&pscdl=noapi&rcb=10&sr=1366x768&uaa=x86&uab=64&uafvl=Chromium%3B148.0.7778.179%7CGoogle%2520Chrome%3B148.0.7778.179%7CNot%252FA)Brand%3B99.0.0.0&uam=&uamb=0&uap=Windows&uapv=19.0.0&uaw=0&ul=pt-br&_s=2&tag_exp=0~115938466~115938469~119027223~119034493&sid=1780075906&sct=18&seg=0&dl=http%3A%2F%2Flocalhost%2FGrafico%2Findex.html&dt=Gr%C3%A1ficoFootPrint&en=scroll&epn.percent_scrolled=90&_et=7&tfd=7193 carregado em 142ms (0 KB)
📝 [14:32:05] [NAVEGADOR]: 📦 [ARQUIVO]: clear carregado em 2488ms (0 KB)
📝 [14:32:05] [NAVEGADOR]: 📦 [ARQUIVO]: fonts.css carregado em 299ms (0 KB)
📝 [14:32:05] [NAVEGADOR]: 📦 [ARQUIVO]: app.css?v=fresh_layout carregado em 300ms (0 KB)
📝 [14:32:05] [NAVEGADOR]: 📦 [ARQUIVO]: modal.css carregado em 301ms (0 KB)
📝 [14:32:05] [NAVEGADOR]: 📦 [ARQUIVO]: web.dv.js carregado em 310ms (0 KB)
📝 [14:32:05] [NAVEGADOR]: 📦 [ARQUIVO]: filters.js carregado em 312ms (0 KB)
📝 [14:32:05] [NAVEGADOR]: 📦 [ARQUIVO]: web.cs.js carregado em 314ms (0 KB)
📝 [14:32:05] [NAVEGADOR]: 📦 [ARQUIVO]: WebSocket.js carregado em 316ms (0 KB)
📝 [14:32:05] [NAVEGADOR]: 📦 [ARQUIVO]: modal.js carregado em 316ms (0 KB)
📝 [14:32:05] [NAVEGADOR]: 📦 [ARQUIVO]: tabs.js carregado em 317ms (0 KB)
📝 [14:32:05] [NAVEGADOR]: 📦 [ARQUIVO]: chart.js carregado em 317ms (0 KB)
📝 [14:32:05] [NAVEGADOR]: 📦 [ARQUIVO]: system-controls.js carregado em 319ms (0 KB)
📝 [14:32:05] [NAVEGADOR]: 📦 [ARQUIVO]: SEGOEUISL-Cf5d3PPb.TTF carregado em 0ms (0 KB)
📝 [14:32:05] [NAVEGADOR]: 📦 [ARQUIVO]: SEGOEUIB-DczJKTk6.TTF carregado em 0ms (0 KB)
📝 [14:32:05] [NAVEGADOR]: 🏗️ [DOM]: Estrutura básica carregada. Iniciando montagem do motor...
📝 [14:32:05] [NAVEGADOR]: 📦 [ARQUIVO]: dark_minute.png carregado em 7ms (1 KB)
📝 [14:32:05] [NAVEGADOR]: 🏁 [SISTEMA]: Todos os arquivos base foram baixados. O motor está em ignição!
📝 [14:32:05] [NAVEGADOR]: 📦 [ARQUIVO]: NQFUT carregado em 20ms (0 KB)
📝 [14:32:05] [NAVEGADOR]: 📦 [ARQUIVO]: collect?v=2&tid=G-CQ7FFRD2SQ&gtm=45je65r2v884823007za200zd884823007&_p=1780075925637&gcd=13l3l3l3l1l1&npa=0&dma=0&_eu=AAAAAAQ&are=1&cid=1983032356.1779735185&frm=0&pscdl=noapi&rcb=16&sr=1366x768&uaa=x86&uab=64&uafvl=Chromium%3B148.0.7778.179%7CGoogle%2520Chrome%3B148.0.7778.179%7CNot%252FA)Brand%3B99.0.0.0&uam=&uamb=0&uap=Windows&uapv=19.0.0&uaw=0&ul=pt-br&_s=1&tag_exp=0~115616986~115938466~115938468~118228215~119034491&sid=1780075906&sct=18&seg=1&dl=http%3A%2F%2Flocalhost%2FGrafico%2Findex.html&dr=http%3A%2F%2Flocalhost%3A3000%2FGrafico%2Findex.html&dt=&en=page_view&_ee=1&tfd=356 carregado em 70ms (0 KB)
📝 [14:32:05] [NAVEGADOR]: 📦 [ARQUIVO]: NQFUT carregado em 27ms (0 KB)
📝 [14:32:10] [NAVEGADOR]: 📦 [ARQUIVO]: collect?v=2&tid=G-CQ7FFRD2SQ&gtm=45je65r2v884823007za200zd884823007&_p=1780075925637&gcd=13l3l3l3l1l1&npa=0&dma=0&_eu=AEAAAAQ&ae=a&are=1&cid=1983032356.1779735185&frm=0&pscdl=noapi&rcb=16&sr=1366x768&uaa=x86&uab=64&uafvl=Chromium%3B148.0.7778.179%7CGoogle%2520Chrome%3B148.0.7778.179%7CNot%252FA)Brand%3B99.0.0.0&uam=&uamb=0&uap=Windows&uapv=19.0.0&uaw=0&ul=pt-br&_s=2&tag_exp=0~115616986~115938466~115938468~118228215~119034491&sid=1780075906&sct=18&seg=1&dl=http%3A%2F%2Flocalhost%2FGrafico%2Findex.html&dr=http%3A%2F%2Flocalhost%3A3000%2FGrafico%2Findex.html&dt=&en=scroll&epn.percent_scrolled=90&_et=8&tfd=5364 carregado em 65ms (0 KB)
📝 [14:32:31] [NAVEGADOR]: 📦 [ARQUIVO]: clear carregado em 322ms (0 KB)
📝 [14:32:31] [NAVEGADOR]: 🏗️ [DOM]: Estrutura básica carregada. Iniciando montagem do motor...
📝 [14:32:31] [NAVEGADOR]: 📦 [ARQUIVO]: fonts.css carregado em 9ms (0 KB)
📝 [14:32:31] [NAVEGADOR]: 📦 [ARQUIVO]: app.css?v=fresh_layout carregado em 10ms (0 KB)
📝 [14:32:31] [NAVEGADOR]: 📦 [ARQUIVO]: modal.css carregado em 11ms (0 KB)
📝 [14:32:31] [NAVEGADOR]: 📦 [ARQUIVO]: filters.js carregado em 14ms (0 KB)
📝 [14:32:31] [NAVEGADOR]: 📦 [ARQUIVO]: web.dv.js carregado em 13ms (0 KB)
📝 [14:32:31] [NAVEGADOR]: 📦 [ARQUIVO]: web.cs.js carregado em 17ms (0 KB)
📝 [14:32:31] [NAVEGADOR]: 📦 [ARQUIVO]: WebSocket.js carregado em 18ms (0 KB)
📝 [14:32:31] [NAVEGADOR]: 📦 [ARQUIVO]: tabs.js carregado em 21ms (0 KB)
📝 [14:32:31] [NAVEGADOR]: 📦 [ARQUIVO]: modal.js carregado em 19ms (0 KB)
📝 [14:32:31] [NAVEGADOR]: 📦 [ARQUIVO]: chart.js carregado em 22ms (0 KB)
📝 [14:32:31] [NAVEGADOR]: 📦 [ARQUIVO]: system-controls.js carregado em 23ms (0 KB)
📝 [14:32:31] [NAVEGADOR]: 📦 [ARQUIVO]: dark_minute.png carregado em 2ms (0 KB)
📝 [14:32:31] [NAVEGADOR]: 📦 [ARQUIVO]: SEGOEUISL-Cf5d3PPb.TTF carregado em 0ms (0 KB)
📝 [14:32:31] [NAVEGADOR]: 📦 [ARQUIVO]: SEGOEUIB-DczJKTk6.TTF carregado em 0ms (0 KB)
📝 [14:32:31] [NAVEGADOR]: 🏁 [SISTEMA]: Todos os arquivos base foram baixados. O motor está em ignição!
📝 [14:32:31] [NAVEGADOR]: 📦 [ARQUIVO]: NQFUT carregado em 20ms (0 KB)
📝 [14:32:31] [NAVEGADOR]: 📦 [ARQUIVO]: NQFUT carregado em 34ms (0 KB)
📝 [14:32:31] [NAVEGADOR]: 📦 [ARQUIVO]: collect?v=2&tid=G-CQ7FFRD2SQ&gtm=45je65r2v884823007za200zd884823007&_p=1780075951281&gcd=13l3l3l3l1l1&npa=0&dma=0&_eu=AAAAAAQ&are=1&cid=1983032356.1779735185&frm=0&pscdl=noapi&rcb=13&sr=1366x768&uaa=x86&uab=64&uafvl=Chromium%3B148.0.7778.179%7CGoogle%2520Chrome%3B148.0.7778.179%7CNot%252FA)Brand%3B99.0.0.0&uam=&uamb=0&uap=Windows&uapv=19.0.0&uaw=0&ul=pt-br&_s=1&tag_exp=0~115938466~115938468~118228214~119034491&sid=1780075906&sct=18&seg=1&dl=http%3A%2F%2Flocalhost%2FGrafico%2Findex.html&dr=http%3A%2F%2Flocalhost%3A3000%2FGrafico%2Findex.html&dt=Gr%C3%A1ficoFootPrint&en=page_view&_ee=1&tfd=291 carregado em 67ms (0 KB)
📝 [14:32:36] [NAVEGADOR]: 📦 [ARQUIVO]: collect?v=2&tid=G-CQ7FFRD2SQ&gtm=45je65r2v884823007za200zd884823007&_p=1780075951281&gcd=13l3l3l3l1l1&npa=0&dma=0&_eu=AEAAAAQ&ae=a&are=1&cid=1983032356.1779735185&frm=0&pscdl=noapi&rcb=13&sr=1366x768&uaa=x86&uab=64&uafvl=Chromium%3B148.0.7778.179%7CGoogle%2520Chrome%3B148.0.7778.179%7CNot%252FA)Brand%3B99.0.0.0&uam=&uamb=0&uap=Windows&uapv=19.0.0&uaw=0&ul=pt-br&_s=2&tag_exp=0~115938466~115938468~118228214~119034491&sid=1780075906&sct=18&seg=1&dl=http%3A%2F%2Flocalhost%2FGrafico%2Findex.html&dr=http%3A%2F%2Flocalhost%3A3000%2FGrafico%2Findex.html&dt=Gr%C3%A1ficoFootPrint&en=scroll&epn.percent_scrolled=90&_et=6&tfd=5307 carregado em 63ms (0 KB)
📝 [14:32:43] [NAVEGADOR]: 📦 [ARQUIVO]: clear carregado em 17ms (0 KB)
📝 [14:32:43] [NAVEGADOR]: 🏗️ [DOM]: Estrutura básica carregada. Iniciando montagem do motor...
📝 [14:32:43] [NAVEGADOR]: 📦 [ARQUIVO]: app.css?v=fresh_layout carregado em 12ms (0 KB)
📝 [14:32:43] [NAVEGADOR]: 📦 [ARQUIVO]: fonts.css carregado em 10ms (0 KB)
📝 [14:32:43] [NAVEGADOR]: 📦 [ARQUIVO]: modal.css carregado em 13ms (0 KB)
📝 [14:32:43] [NAVEGADOR]: 📦 [ARQUIVO]: web.dv.js carregado em 14ms (0 KB)
📝 [14:32:43] [NAVEGADOR]: 📦 [ARQUIVO]: filters.js carregado em 15ms (0 KB)
📝 [14:32:43] [NAVEGADOR]: 📦 [ARQUIVO]: WebSocket.js carregado em 16ms (0 KB)
📝 [14:32:43] [NAVEGADOR]: 📦 [ARQUIVO]: web.cs.js carregado em 16ms (0 KB)
📝 [14:32:43] [NAVEGADOR]: 📦 [ARQUIVO]: modal.js carregado em 16ms (0 KB)
📝 [14:32:43] [NAVEGADOR]: 📦 [ARQUIVO]: tabs.js carregado em 17ms (0 KB)
📝 [14:32:43] [NAVEGADOR]: 📦 [ARQUIVO]: chart.js carregado em 19ms (0 KB)
📝 [14:32:43] [NAVEGADOR]: 📦 [ARQUIVO]: system-controls.js carregado em 20ms (0 KB)
📝 [14:32:43] [NAVEGADOR]: 📦 [ARQUIVO]: dark_minute.png carregado em 2ms (0 KB)
📝 [14:32:43] [NAVEGADOR]: 🏁 [SISTEMA]: Todos os arquivos base foram baixados. O motor está em ignição!
📝 [14:32:43] [NAVEGADOR]: 📦 [ARQUIVO]: SEGOEUISL-Cf5d3PPb.TTF carregado em 0ms (0 KB)
📝 [14:32:43] [NAVEGADOR]: 📦 [ARQUIVO]: SEGOEUIB-DczJKTk6.TTF carregado em 0ms (0 KB)
📝 [14:32:43] [NAVEGADOR]: 📦 [ARQUIVO]: NQFUT carregado em 15ms (0 KB)
📝 [14:32:43] [NAVEGADOR]: 📦 [ARQUIVO]: NQFUT carregado em 15ms (0 KB)
📝 [14:32:43] [NAVEGADOR]: 📦 [ARQUIVO]: collect?v=2&tid=G-CQ7FFRD2SQ&gtm=45je65r2v884823007za200zd884823007&_p=1780075963473&gcd=13l3l3l3l1l1&npa=0&dma=0&_eu=AAAAAAQ&are=1&cid=1983032356.1779735185&frm=0&pscdl=noapi&rcb=17&sr=1366x768&uaa=x86&uab=64&uafvl=Chromium%3B148.0.7778.179%7CGoogle%2520Chrome%3B148.0.7778.179%7CNot%252FA)Brand%3B99.0.0.0&uam=&uamb=0&uap=Windows&uapv=19.0.0&uaw=0&ul=pt-br&_s=1&tag_exp=0~115938466~115938468~118128923~119034491&sid=1780075906&sct=18&seg=1&dl=http%3A%2F%2Flocalhost%2FGrafico%2Findex.html&dr=http%3A%2F%2Flocalhost%3A3000%2FGrafico%2Findex.html&dt=Gr%C3%A1ficoFootPrint&en=page_view&_ee=1&tfd=305 carregado em 74ms (0 KB)
📝 [14:32:48] [NAVEGADOR]: 📦 [ARQUIVO]: collect?v=2&tid=G-CQ7FFRD2SQ&gtm=45je65r2v884823007za200zd884823007&_p=1780075963473&gcd=13l3l3l3l1l1&npa=0&dma=0&_eu=AEAAAAQ&ae=a&are=1&cid=1983032356.1779735185&frm=0&pscdl=noapi&rcb=17&sr=1366x768&uaa=x86&uab=64&uafvl=Chromium%3B148.0.7778.179%7CGoogle%2520Chrome%3B148.0.7778.179%7CNot%252FA)Brand%3B99.0.0.0&uam=&uamb=0&uap=Windows&uapv=19.0.0&uaw=0&ul=pt-br&_s=2&tag_exp=0~115938466~115938468~118128923~119034491&sid=1780075906&sct=18&seg=1&dl=http%3A%2F%2Flocalhost%2FGrafico%2Findex.html&dr=http%3A%2F%2Flocalhost%3A3000%2FGrafico%2Findex.html&dt=Gr%C3%A1ficoFootPrint&en=scroll&epn.percent_scrolled=90&_et=8&tfd=5308 carregado em 70ms (0 KB)
📝 [14:33:12] [NAVEGADOR]: 📦 [ARQUIVO]: dark_point.png carregado em 311ms (1 KB)
📝 [14:33:12] [NAVEGADOR]: 📦 [ARQUIVO]: WINFUT carregado em 60ms (7 KB)
📝 [08:47:09] [NAVEGADOR]: 📦 [ARQUIVO]: recaptcha__pt_br.js carregado em 397ms (366 KB)
📝 [08:47:10] [NAVEGADOR]: 📦 [ARQUIVO]: fonts.css carregado em 518ms (1 KB)
📝 [08:47:10] [NAVEGADOR]: 📦 [ARQUIVO]: modal.css carregado em 518ms (5 KB)
📝 [08:47:10] [NAVEGADOR]: 📦 [ARQUIVO]: web.dv.js carregado em 520ms (9 KB)
📝 [08:47:10] [NAVEGADOR]: 📦 [ARQUIVO]: js?id=G-CQ7FFRD2SQ carregado em 1282ms (0 KB)
📝 [08:47:10] [NAVEGADOR]: 📦 [ARQUIVO]: app.css?v=fresh_layout carregado em 1909ms (280 KB)
📝 [08:47:10] [NAVEGADOR]: 📦 [ARQUIVO]: web.cs.js carregado em 1946ms (16 KB)
📝 [08:47:10] [NAVEGADOR]: 📦 [ARQUIVO]: WebSocket.js carregado em 1954ms (17 KB)
📝 [08:47:10] [NAVEGADOR]: 📦 [ARQUIVO]: filters.js carregado em 1939ms (2 KB)
📝 [08:47:10] [NAVEGADOR]: 📦 [ARQUIVO]: chart.js carregado em 1954ms (72 KB)
📝 [08:47:10] [NAVEGADOR]: 📦 [ARQUIVO]: modal.js carregado em 1952ms (17 KB)
📝 [08:47:10] [NAVEGADOR]: 📦 [ARQUIVO]: tabs.js carregado em 2269ms (12 KB)
📝 [08:47:10] [NAVEGADOR]: 📦 [ARQUIVO]: collect?v=2&tid=G-CQ7FFRD2SQ&gtm=45je65r2v884823007za200zd884823007&_p=1780314430077&gcd=13l3l3l3l1l1&npa=0&dma=0&are=1&cid=1983032356.1779735185&frm=0&pscdl=noapi&rcb=17&sr=1366x768&uaa=x86&uab=64&uafvl=Chromium%3B148.0.7778.179%7CGoogle%2520Chrome%3B148.0.7778.179%7CNot%252FA)Brand%3B99.0.0.0&uam=&uamb=0&uap=Windows&uapv=19.0.0&uaw=0&ul=pt-br&_s=1&tag_exp=0~115616986~115938465~115938468~118128922~119034491~119064591&sid=1780314430&sct=1&seg=0&dl=http%3A%2F%2Flocalhost%2FGrafico%2Findex.html&dt=&en=page_view&_fv=1&_ss=1&_ee=1&tfd=3251 carregado em 162ms (0 KB)
📝 [08:47:10] [NAVEGADOR]: 🏗️ [DOM]: Estrutura básica carregada. Iniciando montagem do motor...
📝 [08:47:10] [NAVEGADOR]: 📦 [ARQUIVO]: system-controls.js carregado em 2274ms (8 KB)
📝 [08:47:10] [NAVEGADOR]: 📦 [ARQUIVO]: dark_minute.png carregado em 114ms (1 KB)
📝 [08:47:10] [NAVEGADOR]: 📦 [ARQUIVO]: SEGOEUISL-Cf5d3PPb.TTF carregado em 290ms (844 KB)
📝 [08:47:10] [NAVEGADOR]: 🏁 [SISTEMA]: Todos os arquivos base foram baixados. O motor está em ignição!
📝 [08:47:10] [NAVEGADOR]: 📦 [ARQUIVO]: SEGOEUIB-DczJKTk6.TTF carregado em 242ms (942 KB)
📝 [08:47:10] [NAVEGADOR]: 📦 [ARQUIVO]: favicon.ico carregado em 15ms (0 KB)
📝 [08:47:11] [NAVEGADOR]: 📦 [ARQUIVO]: NQFUT carregado em 762ms (0 KB)
📝 [08:47:11] [NAVEGADOR]: 📦 [ARQUIVO]: NQFUT carregado em 1092ms (0 KB)
📝 [08:47:15] [NAVEGADOR]: 📦 [ARQUIVO]: collect?v=2&tid=G-CQ7FFRD2SQ&gtm=45je65r2v884823007za200zd884823007&_p=1780314430077&gcd=13l3l3l3l1l1&npa=0&dma=0&_eu=AEAAAAQ&ae=a&are=1&cid=1983032356.1779735185&frm=0&pscdl=noapi&rcb=17&sr=1366x768&uaa=x86&uab=64&uafvl=Chromium%3B148.0.7778.179%7CGoogle%2520Chrome%3B148.0.7778.179%7CNot%252FA)Brand%3B99.0.0.0&uam=&uamb=0&uap=Windows&uapv=19.0.0&uaw=0&ul=pt-br&_s=2&tag_exp=0~115616986~115938465~115938468~118128922~119034491~119064591&sid=1780314430&sct=1&seg=0&dl=http%3A%2F%2Flocalhost%2FGrafico%2Findex.html&dt=&en=scroll&epn.percent_scrolled=90&tfd=8278 carregado em 148ms (0 KB)
📝 [08:47:42] [NAVEGADOR]: 📦 [ARQUIVO]: dark_point.png carregado em 257ms (1 KB)
📝 [08:48:31] [NAVEGADOR]: 📦 [ARQUIVO]: dark_point.png carregado em 316ms (0 KB)
📝 [08:55:41] [NAVEGADOR]: 📦 [ARQUIVO]: dark_point.png carregado em 309ms (0 KB)
📝 [09:00:57] [NAVEGADOR]: 📦 [ARQUIVO]: dark_point.png carregado em 311ms (0 KB)
📝 [09:00:59] [NAVEGADOR]: 📦 [ARQUIVO]: WINFUT carregado em 1045ms (269 KB)
📝 [09:02:12] [NAVEGADOR]: 📦 [ARQUIVO]: WINFUT carregado em 2291ms (564 KB)
📝 [09:02:14] [NAVEGADOR]: 📦 [ARQUIVO]: WINFUT carregado em 4258ms (574 KB)
📝 [09:47:54] [NAVEGADOR]: 📦 [ARQUIVO]: clear carregado em 1229ms (0 KB)
📝 [09:47:54] [NAVEGADOR]: 🏗️ [DOM]: Estrutura básica carregada. Iniciando montagem do motor...
📝 [09:47:54] [NAVEGADOR]: 📦 [ARQUIVO]: fonts.css carregado em 11ms (0 KB)
📝 [09:47:54] [NAVEGADOR]: 📦 [ARQUIVO]: app.css?v=fresh_layout carregado em 15ms (0 KB)
📝 [09:47:54] [NAVEGADOR]: 📦 [ARQUIVO]: modal.css carregado em 15ms (0 KB)
📝 [09:47:54] [NAVEGADOR]: 📦 [ARQUIVO]: web.dv.js carregado em 45ms (0 KB)
📝 [09:47:54] [NAVEGADOR]: 📦 [ARQUIVO]: filters.js carregado em 45ms (0 KB)
📝 [09:47:54] [NAVEGADOR]: 📦 [ARQUIVO]: web.cs.js carregado em 48ms (0 KB)
📝 [09:47:54] [NAVEGADOR]: 📦 [ARQUIVO]: WebSocket.js carregado em 49ms (0 KB)
📝 [09:47:54] [NAVEGADOR]: 📦 [ARQUIVO]: modal.js carregado em 50ms (0 KB)
📝 [09:47:54] [NAVEGADOR]: 📦 [ARQUIVO]: tabs.js carregado em 55ms (0 KB)
📝 [09:47:54] [NAVEGADOR]: 📦 [ARQUIVO]: chart.js carregado em 56ms (0 KB)
📝 [09:47:54] [NAVEGADOR]: 📦 [ARQUIVO]: system-controls.js carregado em 58ms (0 KB)
📝 [09:47:54] [NAVEGADOR]: 📦 [ARQUIVO]: dark_minute.png carregado em 2ms (0 KB)
📝 [09:47:54] [NAVEGADOR]: 📦 [ARQUIVO]: recaptcha__pt_br.js carregado em 61ms (0 KB)
📝 [09:47:54] [NAVEGADOR]: 📦 [ARQUIVO]: SEGOEUISL-Cf5d3PPb.TTF carregado em 0ms (0 KB)
📝 [09:47:54] [NAVEGADOR]: 📦 [ARQUIVO]: SEGOEUIB-DczJKTk6.TTF carregado em 0ms (0 KB)
📝 [09:47:54] [NAVEGADOR]: 📦 [ARQUIVO]: js?id=G-CQ7FFRD2SQ carregado em 336ms (0 KB)
📝 [09:47:54] [NAVEGADOR]: 🏁 [SISTEMA]: Todos os arquivos base foram baixados. O motor está em ignição!
📝 [09:47:54] [NAVEGADOR]: 📦 [ARQUIVO]: collect?v=2&tid=G-CQ7FFRD2SQ&gtm=45je65r2v884823007za200zd884823007&_p=1780318074174&gcd=13l3l3l3l1l1&npa=0&dma=0&_eu=AAAAAAQ&are=1&cid=1983032356.1779735185&frm=0&pscdl=noapi&rcb=9&sr=1366x768&uaa=x86&uab=64&uafvl=Chromium%3B148.0.7778.179%7CGoogle%2520Chrome%3B148.0.7778.179%7CNot%252FA)Brand%3B99.0.0.0&uam=&uamb=0&uap=Windows&uapv=19.0.0&uaw=0&ul=pt-br&_s=1&tag_exp=0~115938465~115938468~119034491&sid=1780318074&sct=2&seg=1&dl=http%3A%2F%2Flocalhost%2FGrafico%2Findex.html&dr=http%3A%2F%2Flocalhost%3A3000%2FGrafico%2Findex.html&dt=Gr%C3%A1ficoFootPrint&en=page_view&_ee=1&tfd=408 carregado em 64ms (0 KB)
📝 [09:47:54] [NAVEGADOR]: 📦 [ARQUIVO]: NQFUT carregado em 369ms (0 KB)
📝 [09:47:54] [NAVEGADOR]: 📦 [ARQUIVO]: NQFUT carregado em 391ms (0 KB)
📝 [10:09:36] [NAVEGADOR]: 🏗️ [DOM]: Estrutura básica carregada. Iniciando montagem do motor...
📝 [10:09:36] [NAVEGADOR]: 📦 [ARQUIVO]: js?id=G-CQ7FFRD2SQ carregado em 381ms (0 KB)
📝 [10:09:36] [NAVEGADOR]: 📦 [ARQUIVO]: SEGOEUISL-Cf5d3PPb.TTF carregado em 59ms (0 KB)
📝 [10:09:36] [NAVEGADOR]: 📦 [ARQUIVO]: SEGOEUIB-DczJKTk6.TTF carregado em 60ms (0 KB)
📝 [10:09:36] [NAVEGADOR]: 📦 [ARQUIVO]: NQFUT carregado em 73ms (0 KB)
📝 [10:09:36] [NAVEGADOR]: 🏁 [SISTEMA]: Todos os arquivos base foram baixados. O motor está em ignição!
📝 [10:09:36] [NAVEGADOR]: 📦 [ARQUIVO]: favicon.ico carregado em 3ms (0 KB)
📝 [10:09:37] [NAVEGADOR]: 📦 [ARQUIVO]: collect?v=2&tid=G-CQ7FFRD2SQ&gtm=45je65r2v884823007za200zd884823007&_p=1780319376595&gcd=13l3l3l3l1l1&npa=0&dma=0&_eu=AAAAAAQ&are=1&cid=1006347174.1779721657&frm=0&pscdl=noapi&rcb=1&sr=1366x768&uaa=x86&uab=64&uafvl=Chromium%3B148.0.7778.217%7CMicrosoft%2520Edge%3B148.0.3967.96%7CNot%252FA)Brand%3B99.0.0.0&uam=&uamb=0&uap=Windows&uapv=19.0.0&uaw=0&ul=pt-br&_s=1&tag_exp=0~115616986~115938466~115938469~118012008~118128922~118228214~119027223~119034493~119064591&sid=1780319376&sct=18&seg=0&dl=http%3A%2F%2Flocalhost%2FGrafico%2Findex.html&dt=Gr%C3%A1ficoFootPrint&en=page_view&_ss=1&_ee=1&tfd=1281 carregado em 215ms (0 KB)
📝 [10:10:53] [NAVEGADOR]: 📦 [ARQUIVO]: dark_point.png carregado em 307ms (0 KB)
📝 [10:10:54] [NAVEGADOR]: 📦 [ARQUIVO]: ESM6 carregado em 33ms (0 KB)
📝 [10:11:06] [NAVEGADOR]: 🏗️ [DOM]: Estrutura básica carregada. Iniciando montagem do motor...
📝 [10:11:06] [NAVEGADOR]: 📦 [ARQUIVO]: fonts.css carregado em 8ms (0 KB)
📝 [10:11:06] [NAVEGADOR]: 📦 [ARQUIVO]: app.css?v=fresh_layout carregado em 11ms (0 KB)
📝 [10:11:06] [NAVEGADOR]: 📦 [ARQUIVO]: modal.css carregado em 11ms (0 KB)
📝 [10:11:06] [NAVEGADOR]: 📦 [ARQUIVO]: web.dv.js carregado em 15ms (0 KB)
📝 [10:11:06] [NAVEGADOR]: 📦 [ARQUIVO]: filters.js carregado em 18ms (0 KB)
📝 [10:11:06] [NAVEGADOR]: 📦 [ARQUIVO]: web.cs.js carregado em 20ms (0 KB)
📝 [10:11:06] [NAVEGADOR]: 📦 [ARQUIVO]: WebSocket.js carregado em 22ms (0 KB)
📝 [10:11:06] [NAVEGADOR]: 📦 [ARQUIVO]: modal.js carregado em 24ms (0 KB)
📝 [10:11:06] [NAVEGADOR]: 📦 [ARQUIVO]: tabs.js carregado em 26ms (0 KB)
📝 [10:11:06] [NAVEGADOR]: 📦 [ARQUIVO]: chart.js carregado em 28ms (0 KB)
📝 [10:11:06] [NAVEGADOR]: 📦 [ARQUIVO]: system-controls.js carregado em 29ms (0 KB)
📝 [10:11:06] [NAVEGADOR]: 📦 [ARQUIVO]: recaptcha__pt_br.js carregado em 26ms (0 KB)
📝 [10:11:06] [NAVEGADOR]: 📦 [ARQUIVO]: dark_minute.png carregado em 10ms (0 KB)
📝 [10:11:06] [NAVEGADOR]: 📦 [ARQUIVO]: SEGOEUISL-Cf5d3PPb.TTF carregado em 0ms (0 KB)
📝 [10:11:06] [NAVEGADOR]: 📦 [ARQUIVO]: SEGOEUIB-DczJKTk6.TTF carregado em 0ms (0 KB)
📝 [10:11:06] [NAVEGADOR]: 📦 [ARQUIVO]: NQFUT carregado em 26ms (0 KB)
📝 [10:11:06] [NAVEGADOR]: 📦 [ARQUIVO]: NQFUT carregado em 20ms (0 KB)
📝 [10:11:06] [NAVEGADOR]: 📦 [ARQUIVO]: js?id=G-CQ7FFRD2SQ carregado em 317ms (0 KB)
📝 [10:11:06] [NAVEGADOR]: 🏁 [SISTEMA]: Todos os arquivos base foram baixados. O motor está em ignição!
📝 [10:11:06] [NAVEGADOR]: 📦 [ARQUIVO]: collect?v=2&tid=G-CQ7FFRD2SQ&gtm=45je65r2h1v884823007za200zd884823007&_p=1780319466620&gcd=13l3l3l3l1l1&npa=0&dma=0&_eu=AAAAAAQ&are=1&cid=1983032356.1779735185&frm=0&pscdl=noapi&rcb=10&sr=1366x768&uaa=x86&uab=64&uafvl=Chromium%3B148.0.7778.179%7CGoogle%2520Chrome%3B148.0.7778.179%7CNot%252FA)Brand%3B99.0.0.0&uam=&uamb=0&uap=Windows&uapv=19.0.0&uaw=0&ul=pt-br&_s=1&tag_exp=0~115938466~115938469~119034493&sid=1780318074&sct=2&seg=1&dl=http%3A%2F%2Flocalhost%2FGrafico%2Findex.html&dr=http%3A%2F%2Flocalhost%3A3000%2FGrafico%2Findex.html&dt=Gr%C3%A1ficoFootPrint&en=page_view&_ee=1&tfd=399 carregado em 68ms (0 KB)
📝 [10:11:11] [NAVEGADOR]: 📦 [ARQUIVO]: dark_point.png carregado em 3ms (0 KB)
📝 [10:11:11] [NAVEGADOR]: 📦 [ARQUIVO]: collect?v=2&tid=G-CQ7FFRD2SQ&gtm=45je65r2h1v884823007za200zd884823007&_p=1780319466620&gcd=13l3l3l3l1l1&npa=0&dma=0&_eu=AEAAAAQ&ae=a&are=1&cid=1983032356.1779735185&frm=0&pscdl=noapi&rcb=10&sr=1366x768&uaa=x86&uab=64&uafvl=Chromium%3B148.0.7778.179%7CGoogle%2520Chrome%3B148.0.7778.179%7CNot%252FA)Brand%3B99.0.0.0&uam=&uamb=0&uap=Windows&uapv=19.0.0&uaw=0&ul=pt-br&_s=2&tag_exp=0~115938466~115938469~119034493&sid=1780318074&sct=2&seg=1&dl=http%3A%2F%2Flocalhost%2FGrafico%2Findex.html&dr=http%3A%2F%2Flocalhost%3A3000%2FGrafico%2Findex.html&dt=Gr%C3%A1ficoFootPrint&en=scroll&epn.percent_scrolled=90&_et=7&tfd=5401 carregado em 71ms (0 KB)
📝 [10:11:12] [NAVEGADOR]: 📦 [ARQUIVO]: ESM6 carregado em 51ms (5 KB)
📝 [10:12:10] [NAVEGADOR]: 📦 [ARQUIVO]: ESM6 carregado em 430ms (37 KB)
📝 [10:12:10] [NAVEGADOR]: 📦 [ARQUIVO]: ESM6 carregado em 593ms (37 KB)
📝 [11:15:33] [NAVEGADOR]: 📦 [ARQUIVO]: clear carregado em 466ms (0 KB)
📝 [11:15:33] [NAVEGADOR]: 🏗️ [DOM]: Estrutura básica carregada. Iniciando montagem do motor...
📝 [11:15:33] [NAVEGADOR]: 📦 [ARQUIVO]: fonts.css carregado em 9ms (0 KB)
📝 [11:15:33] [NAVEGADOR]: 📦 [ARQUIVO]: app.css?v=fresh_layout carregado em 13ms (0 KB)
📝 [11:15:33] [NAVEGADOR]: 📦 [ARQUIVO]: modal.css carregado em 12ms (0 KB)
📝 [11:15:33] [NAVEGADOR]: 📦 [ARQUIVO]: web.dv.js carregado em 17ms (0 KB)
📝 [11:15:33] [NAVEGADOR]: 📦 [ARQUIVO]: filters.js carregado em 19ms (0 KB)
📝 [11:15:33] [NAVEGADOR]: 📦 [ARQUIVO]: web.cs.js carregado em 20ms (0 KB)
📝 [11:15:33] [NAVEGADOR]: 📦 [ARQUIVO]: WebSocket.js carregado em 21ms (0 KB)
📝 [11:15:33] [NAVEGADOR]: 📦 [ARQUIVO]: modal.js carregado em 26ms (0 KB)
📝 [11:15:33] [NAVEGADOR]: 📦 [ARQUIVO]: tabs.js carregado em 27ms (0 KB)
📝 [11:15:33] [NAVEGADOR]: 📦 [ARQUIVO]: chart.js carregado em 33ms (0 KB)
📝 [11:15:33] [NAVEGADOR]: 📦 [ARQUIVO]: system-controls.js carregado em 34ms (0 KB)
📝 [11:15:33] [NAVEGADOR]: 📦 [ARQUIVO]: recaptcha__pt_br.js carregado em 36ms (0 KB)
📝 [11:15:33] [NAVEGADOR]: 📦 [ARQUIVO]: dark_minute.png carregado em 3ms (0 KB)
📝 [11:15:33] [NAVEGADOR]: 📦 [ARQUIVO]: SEGOEUISL-Cf5d3PPb.TTF carregado em 0ms (0 KB)
📝 [11:15:33] [NAVEGADOR]: 📦 [ARQUIVO]: SEGOEUIB-DczJKTk6.TTF carregado em 0ms (0 KB)
📝 [11:15:33] [NAVEGADOR]: 📦 [ARQUIVO]: NQFUT carregado em 51ms (0 KB)
📝 [11:15:33] [NAVEGADOR]: 📦 [ARQUIVO]: NQFUT carregado em 70ms (0 KB)
📝 [11:15:33] [NAVEGADOR]: 📦 [ARQUIVO]: js?id=G-CQ7FFRD2SQ carregado em 326ms (0 KB)
📝 [11:15:33] [NAVEGADOR]: 🏁 [SISTEMA]: Todos os arquivos base foram baixados. O motor está em ignição!
📝 [11:15:33] [NAVEGADOR]: 📦 [ARQUIVO]: collect?v=2&tid=G-CQ7FFRD2SQ&gtm=45je65r2v884823007za200zd884823007&_p=1780323333148&gcd=13l3l3l3l1l1&npa=0&dma=0&_eu=AAAAAAQ&are=1&cid=1983032356.1779735185&frm=0&pscdl=noapi&rcb=14&sr=1366x768&uaa=x86&uab=64&uafvl=Chromium%3B148.0.7778.179%7CGoogle%2520Chrome%3B148.0.7778.179%7CNot%252FA)Brand%3B99.0.0.0&uam=&uamb=0&uap=Windows&uapv=19.0.0&uaw=0&ul=pt-br&_s=1&tag_exp=0~115938465~115938468~119034493&sid=1780323333&sct=3&seg=1&dl=http%3A%2F%2Flocalhost%2FGrafico%2Findex.html&dr=http%3A%2F%2Flocalhost%3A3000%2FGrafico%2Findex.html&dt=Gr%C3%A1ficoFootPrint&en=page_view&_ee=1&tfd=409 carregado em 69ms (0 KB)
📝 [13:17:16] [NAVEGADOR]: 📦 [ARQUIVO]: tabs.js carregado em 794ms (0 KB)
📝 [13:17:16] [NAVEGADOR]: 📦 [ARQUIVO]: modal.js carregado em 794ms (0 KB)
📝 [13:17:16] [NAVEGADOR]: 📦 [ARQUIVO]: system-controls.js carregado em 801ms (0 KB)
📝 [13:17:16] [NAVEGADOR]: 📦 [ARQUIVO]: chart.js carregado em 803ms (0 KB)
📝 [13:17:16] [NAVEGADOR]: 📦 [ARQUIVO]: recaptcha__pt_br.js carregado em 813ms (0 KB)
📝 [13:17:16] [NAVEGADOR]: 🏗️ [DOM]: Estrutura básica carregada. Iniciando montagem do motor...
📝 [13:17:16] [NAVEGADOR]: 📦 [ARQUIVO]: js?id=G-CQ7FFRD2SQ carregado em 1119ms (0 KB)
📝 [13:17:16] [NAVEGADOR]: 📦 [ARQUIVO]: SEGOEUISL-Cf5d3PPb.TTF carregado em 485ms (0 KB)
📝 [13:17:16] [NAVEGADOR]: 🏁 [SISTEMA]: Todos os arquivos base foram baixados. O motor está em ignição!
📝 [13:17:16] [NAVEGADOR]: 📦 [ARQUIVO]: SEGOEUIB-DczJKTk6.TTF carregado em 486ms (0 KB)
📝 [13:17:16] [NAVEGADOR]: 📦 [ARQUIVO]: collect?v=2&tid=G-CQ7FFRD2SQ&gtm=45je65r2v884823007za200zd884823007&_p=1780330636210&gcd=13l3l3l3l1l1&npa=0&dma=0&_eu=AAAAAAQ&are=1&cid=1983032356.1779735185&frm=0&pscdl=noapi&rcb=15&sr=1366x768&uaa=x86&uab=64&uafvl=Chromium%3B148.0.7778.179%7CGoogle%2520Chrome%3B148.0.7778.179%7CNot%252FA)Brand%3B99.0.0.0&uam=&uamb=0&uap=Windows&uapv=19.0.0&uaw=0&ul=pt-br&_s=1&tag_exp=0~115938466~115938468~118948627~119034491&sid=1780330636&sct=5&seg=0&dl=http%3A%2F%2Flocalhost%2FGrafico%2Findex.html&dt=Gr%C3%A1ficoFootPrint&en=page_view&_ss=1&_ee=1&tfd=1617 carregado em 153ms (0 KB)
📝 [13:17:16] [NAVEGADOR]: 📦 [ARQUIVO]: favicon.ico carregado em 4ms (0 KB)
📝 [13:17:17] [NAVEGADOR]: 📦 [ARQUIVO]: NQFUT carregado em 986ms (0 KB)
📝 [13:17:21] [NAVEGADOR]: 📦 [ARQUIVO]: collect?v=2&tid=G-CQ7FFRD2SQ&gtm=45je65r2v884823007za200zd884823007&_p=1780330636210&gcd=13l3l3l3l1l1&npa=0&dma=0&_eu=AEAAAAQ&ae=a&are=1&cid=1983032356.1779735185&frm=0&pscdl=noapi&rcb=15&sr=1366x768&uaa=x86&uab=64&uafvl=Chromium%3B148.0.7778.179%7CGoogle%2520Chrome%3B148.0.7778.179%7CNot%252FA)Brand%3B99.0.0.0&uam=&uamb=0&uap=Windows&uapv=19.0.0&uaw=0&ul=pt-br&_s=2&tag_exp=0~115938466~115938468~118948627~119034491&sid=1780330636&sct=5&seg=0&dl=http%3A%2F%2Flocalhost%2FGrafico%2Findex.html&dt=Gr%C3%A1ficoFootPrint&en=scroll&epn.percent_scrolled=90&tfd=6628 carregado em 70ms (0 KB)
📝 [13:18:26] [NAVEGADOR]: 📦 [ARQUIVO]: dark_minute.png carregado em 310ms (0 KB)
📝 [13:18:26] [NAVEGADOR]: 📦 [ARQUIVO]: dark_point.png carregado em 310ms (0 KB)
📝 [13:18:27] [NAVEGADOR]: 📦 [ARQUIVO]: WINFUT carregado em 89ms (15 KB)
📝 [13:18:31] [NAVEGADOR]: 🏗️ [DOM]: Estrutura básica carregada. Iniciando montagem do motor...
📝 [13:18:31] [NAVEGADOR]: 📦 [ARQUIVO]: fonts.css carregado em 12ms (0 KB)
📝 [13:18:31] [NAVEGADOR]: 📦 [ARQUIVO]: app.css?v=fresh_layout carregado em 12ms (0 KB)
📝 [13:18:31] [NAVEGADOR]: 📦 [ARQUIVO]: modal.css carregado em 12ms (0 KB)
📝 [13:18:31] [NAVEGADOR]: 📦 [ARQUIVO]: web.dv.js carregado em 24ms (0 KB)
📝 [13:18:31] [NAVEGADOR]: 📦 [ARQUIVO]: filters.js carregado em 24ms (0 KB)
📝 [13:18:31] [NAVEGADOR]: 📦 [ARQUIVO]: web.cs.js carregado em 25ms (0 KB)
📝 [13:18:31] [NAVEGADOR]: 📦 [ARQUIVO]: WebSocket.js carregado em 27ms (0 KB)
📝 [13:18:31] [NAVEGADOR]: 📦 [ARQUIVO]: modal.js carregado em 28ms (0 KB)
📝 [13:18:31] [NAVEGADOR]: 📦 [ARQUIVO]: tabs.js carregado em 28ms (0 KB)
📝 [13:18:31] [NAVEGADOR]: 📦 [ARQUIVO]: system-controls.js carregado em 30ms (0 KB)
📝 [13:18:31] [NAVEGADOR]: 📦 [ARQUIVO]: chart.js carregado em 29ms (0 KB)
📝 [13:18:31] [NAVEGADOR]: 📦 [ARQUIVO]: dark_minute.png carregado em 2ms (0 KB)
📝 [13:18:31] [NAVEGADOR]: 📦 [ARQUIVO]: SEGOEUISL-Cf5d3PPb.TTF carregado em 0ms (0 KB)
📝 [13:18:31] [NAVEGADOR]: 🏁 [SISTEMA]: Todos os arquivos base foram baixados. O motor está em ignição!
📝 [13:18:31] [NAVEGADOR]: 📦 [ARQUIVO]: SEGOEUIB-DczJKTk6.TTF carregado em 0ms (0 KB)
📝 [13:18:31] [NAVEGADOR]: 📦 [ARQUIVO]: NQFUT carregado em 23ms (0 KB)
📝 [13:18:31] [NAVEGADOR]: 📦 [ARQUIVO]: NQFUT carregado em 31ms (0 KB)
📝 [13:18:31] [NAVEGADOR]: 📦 [ARQUIVO]: collect?v=2&tid=G-CQ7FFRD2SQ&gtm=45je65r2v884823007za200zd884823007&_p=1780330711035&gcd=13l3l3l3l1l1&npa=0&dma=0&_eu=AAAAAAQ&are=1&cid=1983032356.1779735185&frm=0&pscdl=noapi&rcb=8&sr=1366x768&uaa=x86&uab=64&uafvl=Chromium%3B148.0.7778.179%7CGoogle%2520Chrome%3B148.0.7778.179%7CNot%252FA)Brand%3B99.0.0.0&uam=&uamb=0&uap=Windows&uapv=19.0.0&uaw=0&ul=pt-br&_s=1&tag_exp=0~115938466~115938468~119034493&sid=1780330636&sct=5&seg=1&dl=http%3A%2F%2Flocalhost%2FGrafico%2Findex.html&dr=http%3A%2F%2Flocalhost%3A3000%2FGrafico%2Findex.html&dt=Gr%C3%A1ficoFootPrint&en=page_view&_ee=1&tfd=246 carregado em 68ms (0 KB)
📝 [13:18:35] [NAVEGADOR]: 📦 [ARQUIVO]: dark_point.png carregado em 2ms (0 KB)
📝 [13:18:36] [NAVEGADOR]: 📦 [ARQUIVO]: WINFUT carregado em 54ms (4 KB)
📝 [13:18:36] [NAVEGADOR]: 📦 [ARQUIVO]: collect?v=2&tid=G-CQ7FFRD2SQ&gtm=45je65r2v884823007za200zd884823007&_p=1780330711035&gcd=13l3l3l3l1l1&npa=0&dma=0&_eu=AEAAAAQ&ae=a&are=1&cid=1983032356.1779735185&frm=0&pscdl=noapi&rcb=8&sr=1366x768&uaa=x86&uab=64&uafvl=Chromium%3B148.0.7778.179%7CGoogle%2520Chrome%3B148.0.7778.179%7CNot%252FA)Brand%3B99.0.0.0&uam=&uamb=0&uap=Windows&uapv=19.0.0&uaw=0&ul=pt-br&_s=2&tag_exp=0~115938466~115938468~119034493&sid=1780330636&sct=5&seg=1&dl=http%3A%2F%2Flocalhost%2FGrafico%2Findex.html&dr=http%3A%2F%2Flocalhost%3A3000%2FGrafico%2Findex.html&dt=Gr%C3%A1ficoFootPrint&en=scroll&epn.percent_scrolled=90&_et=14&tfd=5250 carregado em 69ms (0 KB)
📝 [13:18:37] [NAVEGADOR]: 📦 [ARQUIVO]: WINFUT carregado em 51ms (5 KB)
📝 [13:18:37] [NAVEGADOR]: 📦 [ARQUIVO]: WINFUT carregado em 80ms (0 KB)
📝 [15:03:12] [NAVEGADOR]: 📦 [ARQUIVO]: clear carregado em 3362ms (0 KB)
📝 [15:03:12] [NAVEGADOR]: 📦 [ARQUIVO]: system-controls.js carregado em 50ms (0 KB)
📝 [15:03:12] [NAVEGADOR]: 📦 [ARQUIVO]: recaptcha__pt_br.js carregado em 61ms (0 KB)
📝 [15:03:12] [NAVEGADOR]: 🏗️ [DOM]: Estrutura básica carregada. Iniciando montagem do motor...
📝 [15:03:12] [NAVEGADOR]: 📦 [ARQUIVO]: SEGOEUISL-Cf5d3PPb.TTF carregado em 24ms (0 KB)
📝 [15:03:12] [NAVEGADOR]: 📦 [ARQUIVO]: SEGOEUIB-DczJKTk6.TTF carregado em 28ms (0 KB)
📝 [15:03:12] [NAVEGADOR]: 📦 [ARQUIVO]: dark_minute.png carregado em 2ms (0 KB)
📝 [15:03:12] [NAVEGADOR]: 📦 [ARQUIVO]: NQFUT carregado em 200ms (0 KB)
📝 [15:03:12] [NAVEGADOR]: 📦 [ARQUIVO]: NQFUT carregado em 216ms (0 KB)
📝 [15:03:12] [NAVEGADOR]: 📦 [ARQUIVO]: js?id=G-CQ7FFRD2SQ carregado em 460ms (0 KB)
📝 [15:03:13] [NAVEGADOR]: 🏁 [SISTEMA]: Todos os arquivos base foram baixados. O motor está em ignição!
📝 [15:03:13] [NAVEGADOR]: 📦 [ARQUIVO]: collect?v=2&tid=G-CQ7FFRD2SQ&gtm=45je65s0v884823007za200zd884823007&_p=1780336992632&gcd=13l3l3l3l1l1&npa=0&dma=0&_eu=AAAAAAQ&are=1&cid=1983032356.1779735185&frm=0&pscdl=noapi&rcb=10&sr=1366x768&uaa=x86&uab=64&uafvl=Chromium%3B148.0.7778.179%7CGoogle%2520Chrome%3B148.0.7778.179%7CNot%252FA)Brand%3B99.0.0.0&uam=&uamb=0&uap=Windows&uapv=19.0.0&uaw=0&ul=pt-br&_s=1&tag_exp=0~115938466~115938468~119034493~119064971&sid=1780336992&sct=6&seg=1&dl=http%3A%2F%2Flocalhost%2FGrafico%2Findex.html&dr=http%3A%2F%2Flocalhost%3A3000%2FGrafico%2Findex.html&dt=Gr%C3%A1ficoFootPrint&en=page_view&_ee=1&tfd=562 carregado em 63ms (0 KB)
📝 [09:19:35] [NAVEGADOR]: 🏗️ [DOM]: Estrutura básica carregada. Iniciando montagem do motor...
📝 [09:19:36] [NAVEGADOR]: 📦 [ARQUIVO]: SEGOEUISL-Cf5d3PPb.TTF carregado em 59ms (0 KB)
📝 [09:19:36] [NAVEGADOR]: 📦 [ARQUIVO]: js?id=G-CQ7FFRD2SQ carregado em 366ms (0 KB)
📝 [09:19:36] [NAVEGADOR]: 📦 [ARQUIVO]: SEGOEUIB-DczJKTk6.TTF carregado em 60ms (0 KB)
📝 [09:19:36] [NAVEGADOR]: 📦 [ARQUIVO]: NQFUT carregado em 28ms (0 KB)
📝 [09:19:36] [NAVEGADOR]: 🏁 [SISTEMA]: Todos os arquivos base foram baixados. O motor está em ignição!
📝 [09:19:36] [NAVEGADOR]: 📦 [ARQUIVO]: favicon.ico carregado em 3ms (0 KB)
📝 [09:19:36] [NAVEGADOR]: 📦 [ARQUIVO]: collect?v=2&tid=G-CQ7FFRD2SQ&gtm=45je65t1v884823007za200zd884823007&_p=1780402775796&gcd=13l3l3l3l1l1&npa=0&dma=0&_eu=AAAAAAQ&are=1&cid=1006347174.1779721657&frm=0&pscdl=noapi&rcb=17&sr=1366x768&uaa=x86&uab=64&uafvl=Chromium%3B148.0.7778.217%7CMicrosoft%2520Edge%3B148.0.3967.96%7CNot%252FA)Brand%3B99.0.0.0&uam=&uamb=0&uap=Windows&uapv=19.0.0&uaw=0&ul=pt-br&_s=1&tag_exp=0~115938465~115938468~119027223&sid=1780402776&sct=19&seg=0&dl=http%3A%2F%2Flocalhost%2FGrafico%2Findex.html&dt=Gr%C3%A1ficoFootPrint&en=page_view&_ss=1&_ee=1&tfd=3361 carregado em 179ms (0 KB)
📝 [09:20:08] [NAVEGADOR]: 📦 [ARQUIVO]: recaptcha__pt_br.js carregado em 67ms (0 KB)
📝 [09:20:08] [NAVEGADOR]: 🏗️ [DOM]: Estrutura básica carregada. Iniciando montagem do motor...
📝 [09:20:08] [NAVEGADOR]: 📦 [ARQUIVO]: SEGOEUISL-Cf5d3PPb.TTF carregado em 53ms (0 KB)
📝 [09:20:08] [NAVEGADOR]: 📦 [ARQUIVO]: SEGOEUIB-DczJKTk6.TTF carregado em 54ms (0 KB)
📝 [09:20:08] [NAVEGADOR]: 📦 [ARQUIVO]: js?id=G-CQ7FFRD2SQ carregado em 350ms (0 KB)
📝 [09:20:08] [NAVEGADOR]: 📦 [ARQUIVO]: NQFUT carregado em 20ms (0 KB)
📝 [09:20:08] [NAVEGADOR]: 🏁 [SISTEMA]: Todos os arquivos base foram baixados. O motor está em ignição!
📝 [09:20:08] [NAVEGADOR]: 📦 [ARQUIVO]: favicon.ico carregado em 8ms (0 KB)
📝 [09:20:08] [NAVEGADOR]: 📦 [ARQUIVO]: collect?v=2&tid=G-CQ7FFRD2SQ&gtm=45je65t1v884823007za200zd884823007&_p=1780402808416&gcd=13l3l3l3l1l1&npa=0&dma=0&_eu=AAAAAAQ&are=1&cid=1983032356.1779735185&frm=0&pscdl=noapi&rcb=10&sr=1366x768&uaa=x86&uab=64&uafvl=Chromium%3B148.0.7778.217%7CGoogle%2520Chrome%3B148.0.7778.217%7CNot%252FA)Brand%3B99.0.0.0&uam=&uamb=0&uap=Windows&uapv=19.0.0&uaw=0&ul=pt-br&_s=1&tag_exp=0~115938466~115938468&sid=1780402808&sct=7&seg=0&dl=http%3A%2F%2Flocalhost%2FGrafico%2Findex.html&dt=Gr%C3%A1ficoFootPrint&en=page_view&_ss=1&_ee=1&tfd=798 carregado em 160ms (0 KB)
📝 [09:20:15] [NAVEGADOR]: 📦 [ARQUIVO]: clear carregado em 29ms (0 KB)
📝 [09:20:15] [NAVEGADOR]: 📦 [ARQUIVO]: fonts.css carregado em 280ms (0 KB)
📝 [09:20:15] [NAVEGADOR]: 📦 [ARQUIVO]: app.css?v=fresh_layout carregado em 282ms (0 KB)
📝 [09:20:15] [NAVEGADOR]: 📦 [ARQUIVO]: modal.css carregado em 305ms (0 KB)
📝 [09:20:15] [NAVEGADOR]: 📦 [ARQUIVO]: filters.js carregado em 310ms (0 KB)
📝 [09:20:15] [NAVEGADOR]: 📦 [ARQUIVO]: web.dv.js carregado em 309ms (0 KB)
📝 [09:20:15] [NAVEGADOR]: 📦 [ARQUIVO]: web.cs.js carregado em 310ms (0 KB)
📝 [09:20:15] [NAVEGADOR]: 📦 [ARQUIVO]: WebSocket.js carregado em 319ms (0 KB)
📝 [09:20:15] [NAVEGADOR]: 📦 [ARQUIVO]: modal.js carregado em 319ms (0 KB)
📝 [09:20:15] [NAVEGADOR]: 📦 [ARQUIVO]: tabs.js carregado em 319ms (0 KB)
📝 [09:20:15] [NAVEGADOR]: 📦 [ARQUIVO]: SEGOEUIB-DczJKTk6.TTF carregado em 0ms (0 KB)
📝 [09:20:15] [NAVEGADOR]: 📦 [ARQUIVO]: SEGOEUISL-Cf5d3PPb.TTF carregado em 0ms (0 KB)
📝 [09:20:15] [NAVEGADOR]: 🏗️ [DOM]: Estrutura básica carregada. Iniciando montagem do motor...
📝 [09:20:15] [NAVEGADOR]: 📦 [ARQUIVO]: chart.js carregado em 336ms (0 KB)
📝 [09:20:15] [NAVEGADOR]: 📦 [ARQUIVO]: system-controls.js carregado em 336ms (0 KB)
📝 [09:20:15] [NAVEGADOR]: 📦 [ARQUIVO]: dark_minute.png carregado em 19ms (0 KB)
📝 [09:20:15] [NAVEGADOR]: 🏁 [SISTEMA]: Todos os arquivos base foram baixados. O motor está em ignição!
📝 [09:20:15] [NAVEGADOR]: 📦 [ARQUIVO]: collect?v=2&tid=G-CQ7FFRD2SQ&gtm=45je65t1v884823007za200zd884823007&_p=1780402815840&gcd=13l3l3l3l1l1&npa=0&dma=0&_eu=AAAAAAQ&are=1&cid=1983032356.1779735185&frm=0&pscdl=noapi&rcb=12&sr=1366x768&uaa=x86&uab=64&uafvl=Chromium%3B148.0.7778.217%7CGoogle%2520Chrome%3B148.0.7778.217%7CNot%252FA)Brand%3B99.0.0.0&uam=&uamb=0&uap=Windows&uapv=19.0.0&uaw=0&ul=pt-br&_s=1&tag_exp=0~115616986~115938466~115938469~119027224&sid=1780402808&sct=7&seg=1&dl=http%3A%2F%2Flocalhost%2FGrafico%2Findex.html&dr=http%3A%2F%2Flocalhost%3A3000%2FGrafico%2Findex.html&dt=&en=page_view&_ee=1&tfd=362 carregado em 71ms (0 KB)
📝 [09:20:15] [NAVEGADOR]: 📦 [ARQUIVO]: NQFUT carregado em 36ms (0 KB)
📝 [09:20:15] [NAVEGADOR]: 📦 [ARQUIVO]: NQFUT carregado em 46ms (0 KB)
📝 [09:20:20] [NAVEGADOR]: 📦 [ARQUIVO]: collect?v=2&tid=G-CQ7FFRD2SQ&gtm=45je65t1v884823007za200zd884823007&_p=1780402815840&gcd=13l3l3l3l1l1&npa=0&dma=0&_eu=AEAAAAQ&ae=a&are=1&cid=1983032356.1779735185&frm=0&pscdl=noapi&rcb=12&sr=1366x768&uaa=x86&uab=64&uafvl=Chromium%3B148.0.7778.217%7CGoogle%2520Chrome%3B148.0.7778.217%7CNot%252FA)Brand%3B99.0.0.0&uam=&uamb=0&uap=Windows&uapv=19.0.0&uaw=0&ul=pt-br&_s=2&tag_exp=0~115616986~115938466~115938469~119027224&sid=1780402808&sct=7&seg=1&dl=http%3A%2F%2Flocalhost%2FGrafico%2Findex.html&dr=http%3A%2F%2Flocalhost%3A3000%2FGrafico%2Findex.html&dt=&en=scroll&epn.percent_scrolled=90&_et=1&tfd=5363 carregado em 69ms (0 KB)
📝 [09:21:02] [NAVEGADOR]: 📦 [ARQUIVO]: dark_point.png carregado em 8ms (0 KB)
📝 [09:21:04] [NAVEGADOR]: 📦 [ARQUIVO]: WINFUT carregado em 296ms (87 KB)
📝 [11:15:28] [NAVEGADOR]: 📦 [ARQUIVO]: shutdown carregado em 3ms (0 KB)
📝 [08:55:57] [NAVEGADOR]: 🏗️ [DOM]: Estrutura básica carregada. Iniciando montagem do motor...
📝 [08:55:57] [NAVEGADOR]: 📦 [ARQUIVO]: SEGOEUISL-Cf5d3PPb.TTF carregado em 49ms (0 KB)
📝 [08:55:57] [NAVEGADOR]: 📦 [ARQUIVO]: SEGOEUIB-DczJKTk6.TTF carregado em 49ms (0 KB)
📝 [08:55:57] [NAVEGADOR]: 📦 [ARQUIVO]: js?id=G-CQ7FFRD2SQ carregado em 357ms (0 KB)
📝 [08:55:57] [NAVEGADOR]: 🏁 [SISTEMA]: Todos os arquivos base foram baixados. O motor está em ignição!
📝 [08:55:57] [NAVEGADOR]: 📦 [ARQUIVO]: favicon.ico carregado em 2ms (0 KB)
📝 [08:55:57] [NAVEGADOR]: 📦 [ARQUIVO]: NQFUT carregado em 194ms (0 KB)
📝 [08:55:57] [NAVEGADOR]: 📦 [ARQUIVO]: collect?v=2&tid=G-CQ7FFRD2SQ&gtm=45je6611v884823007za200zd884823007&_p=1780487757089&gcd=13l3l3l3l1l1&npa=0&dma=0&_eu=AAAAAAQ&are=1&cid=1006347174.1779721657&frm=0&pscdl=noapi&rcb=14&sr=1366x768&uaa=x86&uab=64&uafvl=Chromium%3B148.0.7778.217%7CMicrosoft%2520Edge%3B148.0.3967.96%7CNot%252FA)Brand%3B99.0.0.0&uam=&uamb=0&uap=Windows&uapv=19.0.0&uaw=0&ul=pt-br&_s=1&tag_exp=0~115616986~115938466~115938469~118228215~119027224~119064971&sid=1780487757&sct=20&seg=0&dl=http%3A%2F%2Flocalhost%2FGrafico%2Findex.html&dt=Gr%C3%A1ficoFootPrint&en=page_view&_ss=1&_ee=1&tfd=2499 carregado em 183ms (0 KB)
📝 [08:56:04] [NAVEGADOR]: 🏗️ [DOM]: Estrutura básica carregada. Iniciando montagem do motor...
📝 [08:56:04] [NAVEGADOR]: 📦 [ARQUIVO]: recaptcha__pt_br.js carregado em 202ms (366 KB)
📝 [08:56:04] [NAVEGADOR]: 📦 [ARQUIVO]: SEGOEUISL-Cf5d3PPb.TTF carregado em 65ms (844 KB)
📝 [08:56:04] [NAVEGADOR]: 📦 [ARQUIVO]: SEGOEUIB-DczJKTk6.TTF carregado em 65ms (942 KB)
📝 [08:56:04] [NAVEGADOR]: 📦 [ARQUIVO]: js?id=G-CQ7FFRD2SQ carregado em 386ms (0 KB)
📝 [08:56:04] [NAVEGADOR]: 📦 [ARQUIVO]: WINFUT carregado em 20ms (0 KB)
📝 [08:56:04] [NAVEGADOR]: 🏁 [SISTEMA]: Todos os arquivos base foram baixados. O motor está em ignição!
📝 [08:56:04] [NAVEGADOR]: 📦 [ARQUIVO]: favicon.ico carregado em 3ms (0 KB)
📝 [08:56:04] [NAVEGADOR]: 📦 [ARQUIVO]: collect?v=2&tid=G-CQ7FFRD2SQ&gtm=45je6611v884823007za200zd884823007&_p=1780487763987&gcd=13l3l3l3l1l1&npa=0&dma=0&_eu=AAAAAAQ&are=1&cid=1983032356.1779735185&frm=0&pscdl=noapi&rcb=17&sr=1366x768&uaa=x86&uab=64&uafvl=Chromium%3B148.0.7778.217%7CGoogle%2520Chrome%3B148.0.7778.217%7CNot%252FA)Brand%3B99.0.0.0&uam=&uamb=0&uap=Windows&uapv=19.0.0&uaw=0&ul=pt-br&_s=1&tag_exp=0~115616985~115938465~115938468~118228214~119027222&sid=1780487764&sct=9&seg=0&dl=http%3A%2F%2Flocalhost%2FGrafico%2Findex.html&dt=Gr%C3%A1ficoFootPrint&en=page_view&_ss=1&_ee=1&tfd=794 carregado em 143ms (0 KB)
📝 [08:56:06] [NAVEGADOR]: 📦 [ARQUIVO]: WINFUT carregado em 17ms (0 KB)
📝 [08:56:06] [NAVEGADOR]: 📦 [ARQUIVO]: WINFUT carregado em 32ms (0 KB)
📝 [08:56:09] [NAVEGADOR]: 📦 [ARQUIVO]: collect?v=2&tid=G-CQ7FFRD2SQ&gtm=45je6611v884823007za200zd884823007&_p=1780487763987&gcd=13l3l3l3l1l1&npa=0&dma=0&_eu=AEAAAAQ&ae=a&are=1&cid=1983032356.1779735185&frm=0&pscdl=noapi&rcb=17&sr=1366x768&uaa=x86&uab=64&uafvl=Chromium%3B148.0.7778.217%7CGoogle%2520Chrome%3B148.0.7778.217%7CNot%252FA)Brand%3B99.0.0.0&uam=&uamb=0&uap=Windows&uapv=19.0.0&uaw=0&ul=pt-br&_s=2&tag_exp=0~115616985~115938465~115938468~118228214~119027222&sid=1780487764&sct=9&seg=0&dl=http%3A%2F%2Flocalhost%2FGrafico%2Findex.html&dt=Gr%C3%A1ficoFootPrint&en=scroll&epn.percent_scrolled=90&_et=5&tfd=5803 carregado em 63ms (0 KB)
📝 [09:03:22] [NAVEGADOR]: 🏗️ [DOM]: Estrutura básica carregada. Iniciando montagem do motor...
📝 [09:03:22] [NAVEGADOR]: 📦 [ARQUIVO]: fonts.css carregado em 12ms (0 KB)
📝 [09:03:22] [NAVEGADOR]: 📦 [ARQUIVO]: app.css?v=fresh_layout carregado em 14ms (0 KB)
📝 [09:03:22] [NAVEGADOR]: 📦 [ARQUIVO]: modal.css carregado em 14ms (0 KB)
📝 [09:03:22] [NAVEGADOR]: 📦 [ARQUIVO]: filters.js carregado em 50ms (0 KB)
📝 [09:03:22] [NAVEGADOR]: 📦 [ARQUIVO]: web.cs.js carregado em 54ms (0 KB)
📝 [09:03:22] [NAVEGADOR]: 📦 [ARQUIVO]: WebSocket.js carregado em 54ms (0 KB)
📝 [09:03:22] [NAVEGADOR]: 📦 [ARQUIVO]: web.dv.js carregado em 51ms (0 KB)
📝 [09:03:22] [NAVEGADOR]: 📦 [ARQUIVO]: modal.js carregado em 57ms (0 KB)
📝 [09:03:22] [NAVEGADOR]: 📦 [ARQUIVO]: tabs.js carregado em 57ms (0 KB)
📝 [09:03:22] [NAVEGADOR]: 📦 [ARQUIVO]: chart.js carregado em 62ms (0 KB)
📝 [09:03:22] [NAVEGADOR]: 📦 [ARQUIVO]: system-controls.js carregado em 62ms (0 KB)
📝 [09:03:22] [NAVEGADOR]: 📦 [ARQUIVO]: js?id=G-CQ7FFRD2SQ carregado em 61ms (0 KB)
📝 [09:03:22] [NAVEGADOR]: 📦 [ARQUIVO]: recaptcha__pt_br.js carregado em 66ms (0 KB)
📝 [09:03:22] [NAVEGADOR]: 📦 [ARQUIVO]: dark_minute.png carregado em 4ms (1 KB)
📝 [09:03:22] [NAVEGADOR]: 📦 [ARQUIVO]: SEGOEUIB-DczJKTk6.TTF carregado em 0ms (0 KB)
📝 [09:03:22] [NAVEGADOR]: 📦 [ARQUIVO]: SEGOEUISL-Cf5d3PPb.TTF carregado em 0ms (0 KB)
📝 [09:03:22] [NAVEGADOR]: 🏁 [SISTEMA]: Todos os arquivos base foram baixados. O motor está em ignição!
📝 [09:03:22] [NAVEGADOR]: 📦 [ARQUIVO]: NQFUT carregado em 16ms (0 KB)
📝 [09:03:22] [NAVEGADOR]: 📦 [ARQUIVO]: NQFUT carregado em 18ms (0 KB)
📝 [09:03:22] [NAVEGADOR]: 📦 [ARQUIVO]: collect?v=2&tid=G-CQ7FFRD2SQ&gtm=45je6611v884823007za200zd884823007&_p=1780488202624&gcd=13l3l3l3l1l1&npa=0&dma=0&_eu=AAAAAAQ&are=1&cid=1983032356.1779735185&frm=0&pscdl=noapi&rcb=15&sr=1366x768&uaa=x86&uab=64&uafvl=Chromium%3B148.0.7778.217%7CGoogle%2520Chrome%3B148.0.7778.217%7CNot%252FA)Brand%3B99.0.0.0&uam=&uamb=0&uap=Windows&uapv=19.0.0&uaw=0&ul=pt-br&_s=1&tag_exp=0~115938465~115938468~118228214~119027222&sid=1780487764&sct=9&seg=1&dl=http%3A%2F%2Flocalhost%2FGrafico%2Findex.html&dr=http%3A%2F%2Flocalhost%3A3000%2FGrafico%2Findex.html&dt=Gr%C3%A1ficoFootPrint&en=page_view&_ee=1&tfd=418 carregado em 68ms (0 KB)
📝 [09:03:24] [NAVEGADOR]: 📦 [ARQUIVO]: dark_point.png carregado em 9ms (1 KB)
📝 [09:03:25] [NAVEGADOR]: 📦 [ARQUIVO]: WINFUT carregado em 61ms (9 KB)
📝 [09:03:27] [NAVEGADOR]: 📦 [ARQUIVO]: collect?v=2&tid=G-CQ7FFRD2SQ&gtm=45je6611v884823007za200zd884823007&_p=1780488202624&gcd=13l3l3l3l1l1&npa=0&dma=0&_eu=AEAAAAQ&ae=a&are=1&cid=1983032356.1779735185&frm=0&pscdl=noapi&rcb=15&sr=1366x768&uaa=x86&uab=64&uafvl=Chromium%3B148.0.7778.217%7CGoogle%2520Chrome%3B148.0.7778.217%7CNot%252FA)Brand%3B99.0.0.0&uam=&uamb=0&uap=Windows&uapv=19.0.0&uaw=0&ul=pt-br&_s=2&tag_exp=0~115938465~115938468~118228214~119027222&sid=1780487764&sct=9&seg=1&dl=http%3A%2F%2Flocalhost%2FGrafico%2Findex.html&dr=http%3A%2F%2Flocalhost%3A3000%2FGrafico%2Findex.html&dt=Gr%C3%A1ficoFootPrint&en=scroll&epn.percent_scrolled=90&_et=11&tfd=5420 carregado em 63ms (0 KB)
📝 [09:04:28] [NAVEGADOR]: 📦 [ARQUIVO]: WINFUT carregado em 1070ms (218 KB)
📝 [09:04:29] [NAVEGADOR]: 📦 [ARQUIVO]: WINFUT carregado em 1812ms (222 KB)
📝 [10:22:41] [NAVEGADOR]: 🏗️ [DOM]: Estrutura básica carregada. Iniciando montagem do motor...
📝 [10:22:41] [NAVEGADOR]: 📦 [ARQUIVO]: fonts.css carregado em 8ms (0 KB)
📝 [10:22:41] [NAVEGADOR]: 📦 [ARQUIVO]: app.css?v=fresh_layout carregado em 14ms (0 KB)
📝 [10:22:41] [NAVEGADOR]: 📦 [ARQUIVO]: modal.css carregado em 13ms (0 KB)
📝 [10:22:41] [NAVEGADOR]: 📦 [ARQUIVO]: web.dv.js carregado em 20ms (0 KB)
📝 [10:22:41] [NAVEGADOR]: 📦 [ARQUIVO]: filters.js carregado em 22ms (0 KB)
📝 [10:22:41] [NAVEGADOR]: 📦 [ARQUIVO]: web.cs.js carregado em 24ms (0 KB)
📝 [10:22:41] [NAVEGADOR]: 📦 [ARQUIVO]: WebSocket.js carregado em 26ms (0 KB)
📝 [10:22:41] [NAVEGADOR]: 📦 [ARQUIVO]: chart.js carregado em 33ms (0 KB)
📝 [10:22:41] [NAVEGADOR]: 📦 [ARQUIVO]: modal.js carregado em 28ms (0 KB)
📝 [10:22:41] [NAVEGADOR]: 📦 [ARQUIVO]: tabs.js carregado em 30ms (0 KB)
📝 [10:22:41] [NAVEGADOR]: 📦 [ARQUIVO]: recaptcha__pt_br.js carregado em 33ms (0 KB)
📝 [10:22:41] [NAVEGADOR]: 📦 [ARQUIVO]: system-controls.js carregado em 38ms (0 KB)
📝 [10:22:41] [NAVEGADOR]: 📦 [ARQUIVO]: SEGOEUISL-Cf5d3PPb.TTF carregado em 0ms (0 KB)
📝 [10:22:41] [NAVEGADOR]: 📦 [ARQUIVO]: SEGOEUIB-DczJKTk6.TTF carregado em 0ms (0 KB)
📝 [10:22:41] [NAVEGADOR]: 📦 [ARQUIVO]: dark_minute.png carregado em 200ms (0 KB)
📝 [10:22:41] [NAVEGADOR]: 📦 [ARQUIVO]: js?id=G-CQ7FFRD2SQ carregado em 322ms (0 KB)
📝 [10:22:41] [NAVEGADOR]: 🏁 [SISTEMA]: Todos os arquivos base foram baixados. O motor está em ignição!
📝 [10:22:41] [NAVEGADOR]: 📦 [ARQUIVO]: collect?v=2&tid=G-CQ7FFRD2SQ&gtm=45je6611v884823007za200zd884823007&_p=1780492960765&gcd=13l3l3l3l1l1&npa=0&dma=0&_eu=AAAAAAQ&are=1&cid=1983032356.1779735185&frm=0&pscdl=noapi&rcb=19&sr=1366x768&uaa=x86&uab=64&uafvl=Chromium%3B148.0.7778.217%7CGoogle%2520Chrome%3B148.0.7778.217%7CNot%252FA)Brand%3B99.0.0.0&uam=&uamb=0&uap=Windows&uapv=19.0.0&uaw=0&ul=pt-br&_s=1&tag_exp=0~115616986~115938466~115938469~118228214~119027224&sid=1780492960&sct=10&seg=1&dl=http%3A%2F%2Flocalhost%2FGrafico%2Findex.html&dr=http%3A%2F%2Flocalhost%3A3000%2FGrafico%2Findex.html&dt=Gr%C3%A1ficoFootPrint&en=page_view&_ee=1&tfd=392 carregado em 65ms (0 KB)
📝 [10:22:41] [NAVEGADOR]: 📦 [ARQUIVO]: NQFUT carregado em 777ms (0 KB)
📝 [10:22:41] [NAVEGADOR]: 📦 [ARQUIVO]: NQFUT carregado em 856ms (0 KB)
📝 [10:22:46] [NAVEGADOR]: 📦 [ARQUIVO]: collect?v=2&tid=G-CQ7FFRD2SQ&gtm=45je6611v884823007za200zd884823007&_p=1780492960765&gcd=13l3l3l3l1l1&npa=0&dma=0&_eu=AEAAAAQ&ae=a&are=1&cid=1983032356.1779735185&frm=0&pscdl=noapi&rcb=19&sr=1366x768&uaa=x86&uab=64&uafvl=Chromium%3B148.0.7778.217%7CGoogle%2520Chrome%3B148.0.7778.217%7CNot%252FA)Brand%3B99.0.0.0&uam=&uamb=0&uap=Windows&uapv=19.0.0&uaw=0&ul=pt-br&_s=2&tag_exp=0~115616986~115938466~115938469~118228214~119027224&sid=1780492960&sct=10&seg=1&dl=http%3A%2F%2Flocalhost%2FGrafico%2Findex.html&dr=http%3A%2F%2Flocalhost%3A3000%2FGrafico%2Findex.html&dt=Gr%C3%A1ficoFootPrint&en=scroll&epn.percent_scrolled=90&_et=4&tfd=5395 carregado em 60ms (0 KB)
📝 [10:23:12] [NAVEGADOR]: 📦 [ARQUIVO]: shutdown carregado em 315ms (0 KB)
📝 [10:23:38] [NAVEGADOR]: 📦 [ARQUIVO]: chart.js carregado em 49ms (0 KB)
📝 [10:23:38] [NAVEGADOR]: 📦 [ARQUIVO]: system-controls.js carregado em 49ms (0 KB)
📝 [10:23:38] [NAVEGADOR]: 📦 [ARQUIVO]: recaptcha__pt_br.js carregado em 59ms (0 KB)
📝 [10:23:38] [NAVEGADOR]: 🏗️ [DOM]: Estrutura básica carregada. Iniciando montagem do motor...
📝 [10:23:38] [NAVEGADOR]: 📦 [ARQUIVO]: SEGOEUIB-DczJKTk6.TTF carregado em 80ms (0 KB)
📝 [10:23:38] [NAVEGADOR]: 📦 [ARQUIVO]: SEGOEUISL-Cf5d3PPb.TTF carregado em 77ms (0 KB)
📝 [10:23:38] [NAVEGADOR]: 📦 [ARQUIVO]: js?id=G-CQ7FFRD2SQ carregado em 375ms (0 KB)
📝 [10:23:38] [NAVEGADOR]: 🏁 [SISTEMA]: Todos os arquivos base foram baixados. O motor está em ignição!
📝 [10:23:38] [NAVEGADOR]: 📦 [ARQUIVO]: favicon.ico carregado em 3ms (0 KB)
📝 [10:23:38] [NAVEGADOR]: 📦 [ARQUIVO]: collect?v=2&tid=G-CQ7FFRD2SQ&gtm=45je6611v884823007za200zd884823007&_p=1780493018135&gcd=13l3l3l3l1l1&npa=0&dma=0&_eu=AAAAAAQ&are=1&cid=1006347174.1779721657&frm=0&pscdl=noapi&rcb=7&sr=1366x768&uaa=x86&uab=64&uafvl=Chromium%3B148.0.7778.217%7CMicrosoft%2520Edge%3B148.0.3967.96%7CNot%252FA)Brand%3B99.0.0.0&uam=&uamb=0&uap=Windows&uapv=19.0.0&uaw=0&ul=pt-br&_s=1&tag_exp=0~115616986~115938465~115938469~117776793~118228215~119027224~119064971&sid=1780493018&sct=21&seg=0&dl=http%3A%2F%2Flocalhost%2FGrafico%2Findex.html&dt=Gr%C3%A1ficoFootPrint&en=page_view&_ss=1&_ee=1&tfd=1913 carregado em 150ms (0 KB)
📝 [10:23:39] [NAVEGADOR]: 📦 [ARQUIVO]: NQFUT carregado em 973ms (0 KB)
📝 [10:24:48] [NAVEGADOR]: 📦 [ARQUIVO]: dark_point.png carregado em 315ms (0 KB)
📝 [10:24:59] [NAVEGADOR]: 🏗️ [DOM]: Estrutura básica carregada. Iniciando montagem do motor...
📝 [10:24:59] [NAVEGADOR]: 📦 [ARQUIVO]: fonts.css carregado em 9ms (0 KB)
📝 [10:24:59] [NAVEGADOR]: 📦 [ARQUIVO]: app.css?v=fresh_layout carregado em 14ms (0 KB)
📝 [10:24:59] [NAVEGADOR]: 📦 [ARQUIVO]: modal.css carregado em 13ms (0 KB)
📝 [10:24:59] [NAVEGADOR]: 📦 [ARQUIVO]: web.dv.js carregado em 14ms (0 KB)
📝 [10:24:59] [NAVEGADOR]: 📦 [ARQUIVO]: filters.js carregado em 16ms (0 KB)
📝 [10:24:59] [NAVEGADOR]: 📦 [ARQUIVO]: web.cs.js carregado em 18ms (0 KB)
📝 [10:24:59] [NAVEGADOR]: 📦 [ARQUIVO]: WebSocket.js carregado em 21ms (0 KB)
📝 [10:24:59] [NAVEGADOR]: 📦 [ARQUIVO]: modal.js carregado em 22ms (0 KB)
📝 [10:24:59] [NAVEGADOR]: 📦 [ARQUIVO]: tabs.js carregado em 24ms (0 KB)
📝 [10:24:59] [NAVEGADOR]: 📦 [ARQUIVO]: chart.js carregado em 26ms (0 KB)
📝 [10:24:59] [NAVEGADOR]: 📦 [ARQUIVO]: system-controls.js carregado em 27ms (0 KB)
📝 [10:24:59] [NAVEGADOR]: 📦 [ARQUIVO]: recaptcha__pt_br.js carregado em 23ms (0 KB)
📝 [10:24:59] [NAVEGADOR]: 📦 [ARQUIVO]: js?id=G-CQ7FFRD2SQ carregado em 18ms (0 KB)
📝 [10:24:59] [NAVEGADOR]: 🏁 [SISTEMA]: Todos os arquivos base foram baixados. O motor está em ignição!
📝 [10:24:59] [NAVEGADOR]: 📦 [ARQUIVO]: SEGOEUISL-Cf5d3PPb.TTF carregado em 0ms (0 KB)
📝 [10:24:59] [NAVEGADOR]: 📦 [ARQUIVO]: SEGOEUIB-DczJKTk6.TTF carregado em 0ms (0 KB)
📝 [10:24:59] [NAVEGADOR]: 📦 [ARQUIVO]: collect?v=2&tid=G-CQ7FFRD2SQ&gtm=45je6611v884823007za200zd884823007&_p=1780493099705&gcd=13l3l3l3l1l1&npa=0&dma=0&_eu=AAAAAAQ&are=1&cid=1983032356.1779735185&frm=0&pscdl=noapi&rcb=11&sr=1366x768&uaa=x86&uab=64&uafvl=Chromium%3B148.0.7778.217%7CGoogle%2520Chrome%3B148.0.7778.217%7CNot%252FA)Brand%3B99.0.0.0&uam=&uamb=0&uap=Windows&uapv=19.0.0&uaw=0&ul=pt-br&_s=1&tag_exp=0~115938466~115938468~117776794~118228214~119027224~119064591&sid=1780492960&sct=10&seg=1&dl=http%3A%2F%2Flocalhost%2FGrafico%2Findex.html&dr=http%3A%2F%2Flocalhost%3A3000%2FGrafico%2Findex.html&dt=Gr%C3%A1ficoFootPrint&en=page_view&_ee=1&tfd=291 carregado em 69ms (0 KB)
📝 [10:24:59] [NAVEGADOR]: 📦 [ARQUIVO]: NQFUT carregado em 194ms (0 KB)
📝 [10:25:01] [NAVEGADOR]: 📦 [ARQUIVO]: dark_minute.png carregado em 3ms (0 KB)
📝 [10:25:01] [NAVEGADOR]: 📦 [ARQUIVO]: dark_point.png carregado em 3ms (0 KB)
📝 [10:25:04] [NAVEGADOR]: 📦 [ARQUIVO]: collect?v=2&tid=G-CQ7FFRD2SQ&gtm=45je6611v884823007za200zd884823007&_p=1780493099705&gcd=13l3l3l3l1l1&npa=0&dma=0&_eu=AEAAAAQ&ae=a&are=1&cid=1983032356.1779735185&frm=0&pscdl=noapi&rcb=11&sr=1366x768&uaa=x86&uab=64&uafvl=Chromium%3B148.0.7778.217%7CGoogle%2520Chrome%3B148.0.7778.217%7CNot%252FA)Brand%3B99.0.0.0&uam=&uamb=0&uap=Windows&uapv=19.0.0&uaw=0&ul=pt-br&_s=2&tag_exp=0~115938466~115938468~117776794~118228214~119027224~119064591&sid=1780492960&sct=10&seg=1&dl=http%3A%2F%2Flocalhost%2FGrafico%2Findex.html&dr=http%3A%2F%2Flocalhost%3A3000%2FGrafico%2Findex.html&dt=Gr%C3%A1ficoFootPrint&en=scroll&epn.percent_scrolled=90&_et=5&tfd=5303 carregado em 72ms (0 KB)
📝 [10:25:12] [NAVEGADOR]: 📦 [ARQUIVO]: clear carregado em 3332ms (0 KB)
📝 [10:25:12] [NAVEGADOR]: 🏗️ [DOM]: Estrutura básica carregada. Iniciando montagem do motor...
📝 [10:25:12] [NAVEGADOR]: 📦 [ARQUIVO]: app.css?v=fresh_layout carregado em 13ms (0 KB)
📝 [10:25:12] [NAVEGADOR]: 📦 [ARQUIVO]: fonts.css carregado em 8ms (0 KB)
📝 [10:25:12] [NAVEGADOR]: 📦 [ARQUIVO]: modal.css carregado em 12ms (0 KB)
📝 [10:25:12] [NAVEGADOR]: 📦 [ARQUIVO]: web.dv.js carregado em 12ms (0 KB)
📝 [10:25:12] [NAVEGADOR]: 📦 [ARQUIVO]: filters.js carregado em 13ms (0 KB)
📝 [10:25:12] [NAVEGADOR]: 📦 [ARQUIVO]: web.cs.js carregado em 13ms (0 KB)
📝 [10:25:12] [NAVEGADOR]: 📦 [ARQUIVO]: WebSocket.js carregado em 14ms (0 KB)
📝 [10:25:12] [NAVEGADOR]: 📦 [ARQUIVO]: modal.js carregado em 15ms (0 KB)
📝 [10:25:12] [NAVEGADOR]: 📦 [ARQUIVO]: chart.js carregado em 17ms (0 KB)
📝 [10:25:12] [NAVEGADOR]: 📦 [ARQUIVO]: tabs.js carregado em 16ms (0 KB)
📝 [10:25:12] [NAVEGADOR]: 📦 [ARQUIVO]: system-controls.js carregado em 19ms (0 KB)
📝 [10:25:12] [NAVEGADOR]: 📦 [ARQUIVO]: js?id=G-CQ7FFRD2SQ carregado em 25ms (0 KB)
📝 [10:25:12] [NAVEGADOR]: 📦 [ARQUIVO]: recaptcha__pt_br.js carregado em 26ms (0 KB)
📝 [10:25:12] [NAVEGADOR]: 📦 [ARQUIVO]: dark_minute.png carregado em 2ms (0 KB)
📝 [10:25:12] [NAVEGADOR]: 🏁 [SISTEMA]: Todos os arquivos base foram baixados. O motor está em ignição!
📝 [10:25:12] [NAVEGADOR]: 📦 [ARQUIVO]: SEGOEUISL-Cf5d3PPb.TTF carregado em 0ms (0 KB)
📝 [10:25:12] [NAVEGADOR]: 📦 [ARQUIVO]: SEGOEUIB-DczJKTk6.TTF carregado em 0ms (0 KB)
📝 [10:25:12] [NAVEGADOR]: 📦 [ARQUIVO]: NQFUT carregado em 18ms (0 KB)
📝 [10:25:12] [NAVEGADOR]: 📦 [ARQUIVO]: NQFUT carregado em 22ms (0 KB)
📝 [10:25:12] [NAVEGADOR]: 📦 [ARQUIVO]: collect?v=2&tid=G-CQ7FFRD2SQ&gtm=45je6611v884823007za200zd884823007&_p=1780493112359&gcd=13l3l3l3l1l1&npa=0&dma=0&_eu=AAAAAAQ&are=1&cid=1983032356.1779735185&frm=0&pscdl=noapi&rcb=6&sr=1366x768&uaa=x86&uab=64&uafvl=Chromium%3B148.0.7778.217%7CGoogle%2520Chrome%3B148.0.7778.217%7CNot%252FA)Brand%3B99.0.0.0&uam=&uamb=0&uap=Windows&uapv=19.0.0&uaw=0&ul=pt-br&_s=1&tag_exp=0~115616986~115938465~115938468~118228215~119027222&sid=1780492960&sct=10&seg=1&dl=http%3A%2F%2Flocalhost%2FGrafico%2Findex.html&dr=http%3A%2F%2Flocalhost%3A3000%2FGrafico%2Findex.html&dt=Gr%C3%A1ficoFootPrint&en=page_view&_ee=1&tfd=289 carregado em 64ms (0 KB)
📝 [10:25:17] [NAVEGADOR]: 📦 [ARQUIVO]: collect?v=2&tid=G-CQ7FFRD2SQ&gtm=45je6611v884823007za200zd884823007&_p=1780493112359&gcd=13l3l3l3l1l1&npa=0&dma=0&_eu=AEAAAAQ&ae=a&are=1&cid=1983032356.1779735185&frm=0&pscdl=noapi&rcb=6&sr=1366x768&uaa=x86&uab=64&uafvl=Chromium%3B148.0.7778.217%7CGoogle%2520Chrome%3B148.0.7778.217%7CNot%252FA)Brand%3B99.0.0.0&uam=&uamb=0&uap=Windows&uapv=19.0.0&uaw=0&ul=pt-br&_s=2&tag_exp=0~115616986~115938465~115938468~118228215~119027222&sid=1780492960&sct=10&seg=1&dl=http%3A%2F%2Flocalhost%2FGrafico%2Findex.html&dr=http%3A%2F%2Flocalhost%3A3000%2FGrafico%2Findex.html&dt=Gr%C3%A1ficoFootPrint&en=scroll&epn.percent_scrolled=90&_et=7&tfd=5292 carregado em 69ms (0 KB)
📝 [10:25:18] [NAVEGADOR]: 📦 [ARQUIVO]: dark_point.png carregado em 2ms (0 KB)
📝 [10:25:48] [NAVEGADOR]: 📦 [ARQUIVO]: chart.js carregado em 46ms (0 KB)
📝 [10:25:48] [NAVEGADOR]: 📦 [ARQUIVO]: system-controls.js carregado em 46ms (0 KB)
📝 [10:25:48] [NAVEGADOR]: 📦 [ARQUIVO]: recaptcha__pt_br.js carregado em 57ms (0 KB)
📝 [10:25:48] [NAVEGADOR]: 📦 [ARQUIVO]: js?id=G-CQ7FFRD2SQ carregado em 54ms (0 KB)
📝 [10:25:48] [NAVEGADOR]: 🏗️ [DOM]: Estrutura básica carregada. Iniciando montagem do motor...
📝 [10:25:48] [NAVEGADOR]: 📦 [ARQUIVO]: SEGOEUISL-Cf5d3PPb.TTF carregado em 86ms (0 KB)
📝 [10:25:48] [NAVEGADOR]: 📦 [ARQUIVO]: SEGOEUIB-DczJKTk6.TTF carregado em 86ms (0 KB)
📝 [10:25:48] [NAVEGADOR]: 📦 [ARQUIVO]: WebSocket.js carregado em 243ms (0 KB)
📝 [10:25:48] [NAVEGADOR]: 📦 [ARQUIVO]: a?id=G-CQ7FFRD2SQ&v=3&t=t&pid=782177776&gtm=45je6611v884823007za200zd884823007&cv=1&rv=6611&tc=12&tag_exp=0~115616985~115938465~115938468~118228214~119027224&es=1&e=gtag.config&eid=9&u=AAAAAAAAAAAAACCA&h=Ag&epr=1G.2G&z=0 carregado em 148ms (0 KB)
📝 [10:25:48] [NAVEGADOR]: 📦 [ARQUIVO]: collect?v=2&tid=G-CQ7FFRD2SQ&gtm=45je6611v884823007za200zd884823007&_p=1780493148121&gcd=13l3l3l3l1l1&npa=0&dma=0&_eu=AAAAAAQ&are=1&cid=1006347174.1779721657&frm=0&pscdl=noapi&rcb=12&sr=1366x768&uaa=x86&uab=64&uafvl=Chromium%3B148.0.7778.217%7CMicrosoft%2520Edge%3B148.0.3967.96%7CNot%252FA)Brand%3B99.0.0.0&uam=&uamb=0&uap=Windows&uapv=19.0.0&uaw=0&ul=pt-br&_s=1&tag_exp=0~115616985~115938465~115938468~118228214~119027224&sid=1780493018&sct=21&seg=1&dl=http%3A%2F%2Flocalhost%2FGrafico%2Findex.html&dt=Gr%C3%A1ficoFootPrint&en=page_view&_ee=1&tfd=1837 carregado em 154ms (0 KB)
📝 [10:25:48] [NAVEGADOR]: 📦 [ARQUIVO]: a?id=G-CQ7FFRD2SQ&v=3&t=t&pid=782177776&gtm=45je6611v884823007za200zd884823007&cv=1&rv=6611&tc=12&tag_exp=0~115616985~115938465~115938468~118228214~119027224&e=gtm.init&eid=2&u=AAAAAAAAAAAAACCA&h=Ag&tr=5ogt1pdatav2.5ccdgafirst.5setproductsettings.5ccdemdownload.5ccdemoutboundclick.5ccdempageview&ti=2ogt1pdatav2.2ccdgafirst.2setproductsettings.2ccdemdownload.2ccdemoutboundclick.2ccdempageview&z=0 carregado em 226ms (0 KB)
📝 [10:25:48] [NAVEGADOR]: 📦 [ARQUIVO]: js?id=G-CQ7FFRD2SQ carregado em 254ms (0 KB)
📝 [10:25:48] [NAVEGADOR]: 📦 [ARQUIVO]: collect?v=2&tid=G-CQ7FFRD2SQ&gtm=45je6611v884823007za200zd884823007&_p=1780493148234&gcd=13l3l3l3l1l1&npa=0&dma=0&_eu=AAAAAAQ&are=1&cid=1983032356.1779735185&frm=0&pscdl=noapi&rcb=19&sr=1366x768&uaa=x86&uab=64&uafvl=Chromium%3B148.0.7778.217%7CGoogle%2520Chrome%3B148.0.7778.217%7CNot%252FA)Brand%3B99.0.0.0&uam=&uamb=0&uap=Windows&uapv=19.0.0&uaw=0&ul=pt-br&_s=1&tag_exp=0~115938465~115938469~118228214~119027224~119064971&sid=1780492960&sct=10&seg=1&dl=http%3A%2F%2Flocalhost%2FGrafico%2Findex.html&dr=http%3A%2F%2Flocalhost%3A3000%2FGrafico%2Findex.html&dt=Gr%C3%A1ficoFootPrint&en=page_view&_ee=1&tfd=2645 carregado em 71ms (0 KB)
📝 [10:25:48] [NAVEGADOR]: 📦 [ARQUIVO]: a?id=G-CQ7FFRD2SQ&v=3&t=t&pid=782177776&gtm=45je6611v884823007za200zd884823007&cv=1&rv=6611&tc=12&tag_exp=0~115616985~115938465~115938468~118228214~119027224&es=1&e=gtm.js&eid=3&u=AAAAAAAAAAAAAACA&h=Ag&tr=1gct&ti=2gct&z=0 carregado em 254ms (0 KB)
📝 [10:25:48] [NAVEGADOR]: 📦 [ARQUIVO]: a?id=G-CQ7FFRD2SQ&v=3&t=t&pid=782177776&gtm=45je6611v884823007za200zd884823007&cv=1&rv=6611&tc=12&tag_exp=0~115616985~115938465~115938468~118228214~119027224&es=1&e=gtm.init&eid=2&u=AAAAAAAAAAAAAACA&h=Ag&tr=1ogt1pdatav2.1ccdgafirst.1setproductsettings.1ccdemdownload.1ccdemoutboundclick.1ccdempageview.1ccdemscroll.1ccdemsitesearch.1ccdemvideo.1ccdconversionmarking.1ccdgalast&ti=2ogt1pdatav2.2ccdgafirst.2setproductsettings.2ccdemdownload.2ccdemoutboundclick.2ccdempageview.2ccdemscroll.2ccdemsitesearch.2ccdemvideo.2ccdconversionmarking.2ccdgalast&z=0 carregado em 256ms (0 KB)
📝 [10:25:48] [NAVEGADOR]: 📦 [ARQUIVO]: a?id=G-CQ7FFRD2SQ&v=3&t=t&pid=782177776&gtm=45je6611v884823007za200zd884823007&cv=1&rv=6611&tc=12&tag_exp=0~115616985~115938465~115938468~118228214~119027224&es=1&e=gtm.dom&eid=10&u=AAAAAAAAAAAAACCA&h=Ag&z=0 carregado em 253ms (0 KB)
📝 [10:25:48] [NAVEGADOR]: 🏁 [SISTEMA]: Todos os arquivos base foram baixados. O motor está em ignição!
📝 [10:25:48] [NAVEGADOR]: 📦 [ARQUIVO]: NQFUT carregado em 388ms (0 KB)
📝 [10:25:48] [NAVEGADOR]: 📦 [ARQUIVO]: favicon.ico carregado em 26ms (0 KB)
📝 [10:25:48] [NAVEGADOR]: 📦 [ARQUIVO]: modal.js carregado em 495ms (0 KB)
📝 [10:25:48] [NAVEGADOR]: 📦 [ARQUIVO]: tabs.js carregado em 500ms (0 KB)
📝 [10:25:48] [NAVEGADOR]: 📦 [ARQUIVO]: chart.js carregado em 526ms (0 KB)
📝 [10:25:48] [NAVEGADOR]: 🏗️ [DOM]: Estrutura básica carregada. Iniciando montagem do motor...
📝 [10:25:48] [NAVEGADOR]: 📦 [ARQUIVO]: system-controls.js carregado em 528ms (0 KB)
📝 [10:25:48] [NAVEGADOR]: 📦 [ARQUIVO]: recaptcha__pt_br.js carregado em 536ms (0 KB)
📝 [10:25:48] [NAVEGADOR]: 📦 [ARQUIVO]: SEGOEUISL-Cf5d3PPb.TTF carregado em 338ms (0 KB)
📝 [10:25:48] [NAVEGADOR]: 📦 [ARQUIVO]: SEGOEUIB-DczJKTk6.TTF carregado em 338ms (0 KB)
📝 [10:25:48] [NAVEGADOR]: 🏁 [SISTEMA]: Todos os arquivos base foram baixados. O motor está em ignição!
📝 [10:25:48] [NAVEGADOR]: 📦 [ARQUIVO]: NQFUT carregado em 14ms (0 KB)
📝 [10:25:53] [NAVEGADOR]: 📦 [ARQUIVO]: collect?v=2&tid=G-CQ7FFRD2SQ&gtm=45je6611v884823007za200zd884823007&_p=1780493148234&gcd=13l3l3l3l1l1&npa=0&dma=0&_eu=AEAAAAQ&ae=a&are=1&cid=1983032356.1779735185&frm=0&pscdl=noapi&rcb=19&sr=1366x768&uaa=x86&uab=64&uafvl=Chromium%3B148.0.7778.217%7CGoogle%2520Chrome%3B148.0.7778.217%7CNot%252FA)Brand%3B99.0.0.0&uam=&uamb=0&uap=Windows&uapv=19.0.0&uaw=0&ul=pt-br&_s=2&tag_exp=0~115938465~115938469~118228214~119027224~119064971&sid=1780492960&sct=10&seg=1&dl=http%3A%2F%2Flocalhost%2FGrafico%2Findex.html&dr=http%3A%2F%2Flocalhost%3A3000%2FGrafico%2Findex.html&dt=Gr%C3%A1ficoFootPrint&en=scroll&epn.percent_scrolled=90&tfd=7647 carregado em 67ms (0 KB)
📝 [10:25:53] [NAVEGADOR]: 📦 [ARQUIVO]: dark_point.png carregado em 3ms (0 KB)
📝 [10:25:53] [NAVEGADOR]: 📦 [ARQUIVO]: dark_minute.png carregado em 3ms (0 KB)
📝 [10:26:04] [NAVEGADOR]: 📦 [ARQUIVO]: NQFUT carregado em 101ms (0 KB)
📝 [10:26:17] [NAVEGADOR]: 📦 [ARQUIVO]: dark_minute.png carregado em 4ms (0 KB)
📝 [10:26:17] [NAVEGADOR]: 📦 [ARQUIVO]: dark_point.png carregado em 6ms (0 KB)
📝 [10:26:20] [NAVEGADOR]: 📦 [ARQUIVO]: dark_minute.png carregado em 5ms (0 KB)
📝 [10:26:20] [NAVEGADOR]: 📦 [ARQUIVO]: dark_point.png carregado em 6ms (0 KB)
📝 [10:26:37] [NAVEGADOR]: 📦 [ARQUIVO]: dark_minute.png carregado em 4ms (0 KB)
📝 [10:26:37] [NAVEGADOR]: 📦 [ARQUIVO]: dark_point.png carregado em 4ms (0 KB)
📝 [10:26:52] [NAVEGADOR]: 📦 [ARQUIVO]: recaptcha__pt_br.js carregado em 88ms (366 KB)
📝 [10:26:52] [NAVEGADOR]: 🏗️ [DOM]: Estrutura básica carregada. Iniciando montagem do motor...
📝 [10:26:52] [NAVEGADOR]: 🏗️ [DOM]: Estrutura básica carregada. Iniciando montagem do motor...
📝 [10:26:52] [NAVEGADOR]: 📦 [ARQUIVO]: recaptcha__pt_br.js carregado em 87ms (366 KB)
📝 [10:26:52] [NAVEGADOR]: 📦 [ARQUIVO]: SEGOEUIB-DczJKTk6.TTF carregado em 17ms (942 KB)
📝 [10:26:52] [NAVEGADOR]: 📦 [ARQUIVO]: SEGOEUISL-Cf5d3PPb.TTF carregado em 15ms (844 KB)
📝 [10:26:52] [NAVEGADOR]: 📦 [ARQUIVO]: NQFUT carregado em 20ms (0 KB)
📝 [10:26:52] [NAVEGADOR]: 📦 [ARQUIVO]: js?id=G-CQ7FFRD2SQ carregado em 273ms (0 KB)
📝 [10:26:53] [NAVEGADOR]: 🏁 [SISTEMA]: Todos os arquivos base foram baixados. O motor está em ignição!
📝 [10:26:53] [NAVEGADOR]: 📦 [ARQUIVO]: favicon.ico carregado em 6ms (0 KB)
📝 [10:26:53] [NAVEGADOR]: 📦 [ARQUIVO]: collect?v=2&tid=G-CQ7FFRD2SQ&gtm=45je6611v884823007za200zd884823007&_p=1780493212802&gcd=13l3l3l3l1l1&npa=0&dma=0&_eu=AAAAAAQ&are=1&cid=1983032356.1779735185&frm=0&pscdl=noapi&rcb=6&sr=1366x768&uaa=x86&uab=64&uafvl=Chromium%3B148.0.7778.217%7CGoogle%2520Chrome%3B148.0.7778.217%7CNot%252FA)Brand%3B99.0.0.0&uam=&uamb=0&uap=Windows&uapv=19.0.0&uaw=0&ul=pt-br&_s=1&tag_exp=0~115938466~115938469~117776793~118228214~119027224&sid=1780492960&sct=10&seg=1&dl=http%3A%2F%2Flocalhost%2FGrafico%2Findex.html&dr=http%3A%2F%2Flocalhost%3A3000%2FGrafico%2Findex.html&dt=Gr%C3%A1ficoFootPrint&en=page_view&_ee=1&tfd=375 carregado em 66ms (0 KB)
📝 [10:26:54] [NAVEGADOR]: 🏗️ [DOM]: Estrutura básica carregada. Iniciando montagem do motor...
📝 [10:26:54] [NAVEGADOR]: 📦 [ARQUIVO]: recaptcha__pt_br.js carregado em 86ms (366 KB)
📝 [10:26:54] [NAVEGADOR]: 📦 [ARQUIVO]: SEGOEUISL-Cf5d3PPb.TTF carregado em 13ms (844 KB)
📝 [10:26:54] [NAVEGADOR]: 📦 [ARQUIVO]: SEGOEUIB-DczJKTk6.TTF carregado em 15ms (942 KB)
📝 [10:26:54] [NAVEGADOR]: 📦 [ARQUIVO]: NQFUT carregado em 20ms (0 KB)
📝 [10:26:54] [NAVEGADOR]: 📦 [ARQUIVO]: js?id=G-CQ7FFRD2SQ carregado em 284ms (0 KB)
📝 [10:26:54] [NAVEGADOR]: 🏁 [SISTEMA]: Todos os arquivos base foram baixados. O motor está em ignição!
📝 [10:26:54] [NAVEGADOR]: 📦 [ARQUIVO]: favicon.ico carregado em 2ms (0 KB)
📝 [10:26:54] [NAVEGADOR]: 📦 [ARQUIVO]: collect?v=2&tid=G-CQ7FFRD2SQ&gtm=45je6611h1v884823007za200zd884823007&_p=1780493214619&gcd=13l3l3l3l1l1&npa=0&dma=0&_eu=AAAAAAQ&are=1&cid=1983032356.1779735185&frm=0&pscdl=noapi&rcb=6&sr=1366x768&uaa=x86&uab=64&uafvl=Chromium%3B148.0.7778.217%7CGoogle%2520Chrome%3B148.0.7778.217%7CNot%252FA)Brand%3B99.0.0.0&uam=&uamb=0&uap=Windows&uapv=19.0.0&uaw=0&ul=pt-br&_s=1&tag_exp=0~115938466~115938468~118228215~119027222&sid=1780492960&sct=10&seg=1&dl=http%3A%2F%2Flocalhost%2FGrafico%2Findex.html&dr=http%3A%2F%2Flocalhost%3A3000%2FGrafico%2Findex.html&dt=Gr%C3%A1ficoFootPrint&en=page_view&_ee=1&tfd=350 carregado em 61ms (0 KB)
📝 [10:26:56] [NAVEGADOR]: 📦 [ARQUIVO]: dark_minute.png carregado em 3ms (0 KB)
📝 [10:26:56] [NAVEGADOR]: 📦 [ARQUIVO]: dark_point.png carregado em 3ms (0 KB)
📝 [10:27:31] [NAVEGADOR]: 📦 [ARQUIVO]: system-controls.js carregado em 46ms (0 KB)
📝 [10:27:31] [NAVEGADOR]: 📦 [ARQUIVO]: recaptcha__pt_br.js carregado em 49ms (0 KB)
📝 [10:27:31] [NAVEGADOR]: 📦 [ARQUIVO]: js?id=G-CQ7FFRD2SQ carregado em 53ms (0 KB)
📝 [10:27:31] [NAVEGADOR]: 🏗️ [DOM]: Estrutura básica carregada. Iniciando montagem do motor...
📝 [10:27:31] [NAVEGADOR]: 📦 [ARQUIVO]: SEGOEUISL-Cf5d3PPb.TTF carregado em 34ms (0 KB)
📝 [10:27:31] [NAVEGADOR]: 📦 [ARQUIVO]: SEGOEUIB-DczJKTk6.TTF carregado em 34ms (0 KB)
📝 [10:27:31] [NAVEGADOR]: 📦 [ARQUIVO]: NQFUT carregado em 54ms (0 KB)
📝 [10:27:31] [NAVEGADOR]: 🏁 [SISTEMA]: Todos os arquivos base foram baixados. O motor está em ignição!
📝 [10:27:31] [NAVEGADOR]: 📦 [ARQUIVO]: favicon.ico carregado em 3ms (0 KB)
📝 [10:27:31] [NAVEGADOR]: 📦 [ARQUIVO]: collect?v=2&tid=G-CQ7FFRD2SQ&gtm=45je6611v884823007za200zd884823007&_p=1780493251117&gcd=13l3l3l3l1l1&npa=0&dma=0&_eu=AAAAAAQ&are=1&cid=1006347174.1779721657&frm=0&pscdl=noapi&rcb=2&sr=1366x768&uaa=x86&uab=64&uafvl=Chromium%3B148.0.7778.217%7CMicrosoft%2520Edge%3B148.0.3967.96%7CNot%252FA)Brand%3B99.0.0.0&uam=&uamb=0&uap=Windows&uapv=19.0.0&uaw=0&ul=pt-br&_s=1&tag_exp=0~115616986~115938465~115938469~118228214~119027222~119064591~119168155&sid=1780493018&sct=21&seg=1&dl=http%3A%2F%2Flocalhost%2FGrafico%2Findex.html&dt=Gr%C3%A1ficoFootPrint&en=page_view&_ee=1&tfd=1817 carregado em 169ms (0 KB)
📝 [10:29:10] [NAVEGADOR]: 📦 [ARQUIVO]: system-controls.js carregado em 45ms (0 KB)
📝 [10:29:10] [NAVEGADOR]: 📦 [ARQUIVO]: recaptcha__pt_br.js carregado em 48ms (0 KB)
📝 [10:29:10] [NAVEGADOR]: 📦 [ARQUIVO]: js?id=G-CQ7FFRD2SQ carregado em 52ms (0 KB)
📝 [10:29:10] [NAVEGADOR]: 🏗️ [DOM]: Estrutura básica carregada. Iniciando montagem do motor...
📝 [10:29:10] [NAVEGADOR]: 📦 [ARQUIVO]: SEGOEUISL-Cf5d3PPb.TTF carregado em 35ms (0 KB)
📝 [10:29:10] [NAVEGADOR]: 📦 [ARQUIVO]: SEGOEUIB-DczJKTk6.TTF carregado em 35ms (0 KB)
📝 [10:29:10] [NAVEGADOR]: 📦 [ARQUIVO]: NQFUT carregado em 69ms (0 KB)
📝 [10:29:10] [NAVEGADOR]: 🏁 [SISTEMA]: Todos os arquivos base foram baixados. O motor está em ignição!
📝 [10:29:10] [NAVEGADOR]: 📦 [ARQUIVO]: favicon.ico carregado em 3ms (0 KB)
📝 [10:29:10] [NAVEGADOR]: 📦 [ARQUIVO]: collect?v=2&tid=G-CQ7FFRD2SQ&gtm=45je6611v884823007za200zd884823007&_p=1780493350035&gcd=13l3l3l3l1l1&npa=0&dma=0&_eu=AAAAAAQ&are=1&cid=1006347174.1779721657&frm=0&pscdl=noapi&rcb=10&sr=1366x768&uaa=x86&uab=64&uafvl=Chromium%3B148.0.7778.217%7CMicrosoft%2520Edge%3B148.0.3967.96%7CNot%252FA)Brand%3B99.0.0.0&uam=&uamb=0&uap=Windows&uapv=19.0.0&uaw=0&ul=pt-br&_s=1&tag_exp=0~115938466~115938469~118228215~119027224~119064971&sid=1780493018&sct=21&seg=1&dl=http%3A%2F%2Flocalhost%2FGrafico%2Findex.html&dt=Gr%C3%A1ficoFootPrint&en=page_view&_ee=1&tfd=1766 carregado em 176ms (0 KB)
📝 [10:29:15] [NAVEGADOR]: 📦 [ARQUIVO]: collect?v=2&tid=G-CQ7FFRD2SQ&gtm=45je6611v884823007za200zd884823007&_p=1780493350035&gcd=13l3l3l3l1l1&npa=0&dma=0&_eu=AEAAAAQ&ae=a&are=1&cid=1006347174.1779721657&frm=0&pscdl=noapi&rcb=10&sr=1366x768&uaa=x86&uab=64&uafvl=Chromium%3B148.0.7778.217%7CMicrosoft%2520Edge%3B148.0.3967.96%7CNot%252FA)Brand%3B99.0.0.0&uam=&uamb=0&uap=Windows&uapv=19.0.0&uaw=0&ul=pt-br&_s=2&tag_exp=0~115938466~115938469~118228215~119027224~119064971&sid=1780493018&sct=21&seg=1&dl=http%3A%2F%2Flocalhost%2FGrafico%2Findex.html&dt=Gr%C3%A1ficoFootPrint&en=scroll&epn.percent_scrolled=90&_et=8&tfd=6769 carregado em 148ms (0 KB)
📝 [10:29:16] [NAVEGADOR]: 📦 [ARQUIVO]: dark_minute.png carregado em 3ms (0 KB)
📝 [10:29:16] [NAVEGADOR]: 📦 [ARQUIVO]: dark_point.png carregado em 3ms (0 KB)
📝 [10:30:37] [NAVEGADOR]: 📦 [ARQUIVO]: modal.js carregado em 47ms (0 KB)
📝 [10:30:37] [NAVEGADOR]: 📦 [ARQUIVO]: tabs.js carregado em 48ms (0 KB)
📝 [10:30:37] [NAVEGADOR]: 📦 [ARQUIVO]: chart.js carregado em 56ms (0 KB)
📝 [10:30:37] [NAVEGADOR]: 📦 [ARQUIVO]: system-controls.js carregado em 57ms (0 KB)
📝 [10:30:37] [NAVEGADOR]: 📦 [ARQUIVO]: recaptcha__pt_br.js carregado em 63ms (0 KB)
📝 [10:30:37] [NAVEGADOR]: 📦 [ARQUIVO]: js?id=G-CQ7FFRD2SQ carregado em 58ms (0 KB)
📝 [10:30:37] [NAVEGADOR]: 🏗️ [DOM]: Estrutura básica carregada. Iniciando montagem do motor...
📝 [10:30:37] [NAVEGADOR]: 📦 [ARQUIVO]: SEGOEUISL-Cf5d3PPb.TTF carregado em 36ms (0 KB)
📝 [10:30:37] [NAVEGADOR]: 📦 [ARQUIVO]: SEGOEUIB-DczJKTk6.TTF carregado em 77ms (0 KB)
📝 [10:30:37] [NAVEGADOR]: 📦 [ARQUIVO]: NQFUT carregado em 58ms (0 KB)
📝 [10:30:37] [NAVEGADOR]: 🏁 [SISTEMA]: Todos os arquivos base foram baixados. O motor está em ignição!
📝 [10:30:37] [NAVEGADOR]: 📦 [ARQUIVO]: favicon.ico carregado em 2ms (0 KB)
📝 [10:30:37] [NAVEGADOR]: 📦 [ARQUIVO]: collect?v=2&tid=G-CQ7FFRD2SQ&gtm=45je6611v884823007za200zd884823007&_p=1780493437112&gcd=13l3l3l3l1l1&npa=0&dma=0&_eu=AAAAAAQ&are=1&cid=1006347174.1779721657&frm=0&pscdl=noapi&rcb=17&sr=1366x768&uaa=x86&uab=64&uafvl=Chromium%3B148.0.7778.217%7CMicrosoft%2520Edge%3B148.0.3967.96%7CNot%252FA)Brand%3B99.0.0.0&uam=&uamb=0&uap=Windows&uapv=19.0.0&uaw=0&ul=pt-br&_s=1&tag_exp=0~115938465~115938468~118228214~119027222&sid=1780493018&sct=21&seg=1&dl=http%3A%2F%2Flocalhost%2FGrafico%2Findex.html&dt=Gr%C3%A1ficoFootPrint&en=page_view&_ee=1&tfd=1810 carregado em 161ms (0 KB)
📝 [10:30:42] [NAVEGADOR]: 📦 [ARQUIVO]: collect?v=2&tid=G-CQ7FFRD2SQ&gtm=45je6611v884823007za200zd884823007&_p=1780493437112&gcd=13l3l3l3l1l1&npa=0&dma=0&_eu=AEAAAAQ&ae=a&are=1&cid=1006347174.1779721657&frm=0&pscdl=noapi&rcb=17&sr=1366x768&uaa=x86&uab=64&uafvl=Chromium%3B148.0.7778.217%7CMicrosoft%2520Edge%3B148.0.3967.96%7CNot%252FA)Brand%3B99.0.0.0&uam=&uamb=0&uap=Windows&uapv=19.0.0&uaw=0&ul=pt-br&_s=2&tag_exp=0~115938465~115938468~118228214~119027222&sid=1780493018&sct=21&seg=1&dl=http%3A%2F%2Flocalhost%2FGrafico%2Findex.html&dt=Gr%C3%A1ficoFootPrint&en=scroll&epn.percent_scrolled=90&_et=5&tfd=6811 carregado em 142ms (0 KB)
📝 [10:31:06] [NAVEGADOR]: 📦 [ARQUIVO]: dark_minute.png carregado em 3ms (0 KB)
📝 [10:31:06] [NAVEGADOR]: 📦 [ARQUIVO]: dark_point.png carregado em 4ms (0 KB)
📝 [10:32:06] [NAVEGADOR]: 📦 [ARQUIVO]: chart.js carregado em 45ms (0 KB)
📝 [10:32:06] [NAVEGADOR]: 📦 [ARQUIVO]: system-controls.js carregado em 46ms (0 KB)
📝 [10:32:06] [NAVEGADOR]: 📦 [ARQUIVO]: js?id=G-CQ7FFRD2SQ carregado em 55ms (0 KB)
📝 [10:32:06] [NAVEGADOR]: 📦 [ARQUIVO]: recaptcha__pt_br.js carregado em 57ms (0 KB)
📝 [10:32:06] [NAVEGADOR]: 🏗️ [DOM]: Estrutura básica carregada. Iniciando montagem do motor...
📝 [10:32:06] [NAVEGADOR]: 📦 [ARQUIVO]: SEGOEUISL-Cf5d3PPb.TTF carregado em 39ms (0 KB)
📝 [10:32:06] [NAVEGADOR]: 📦 [ARQUIVO]: SEGOEUIB-DczJKTk6.TTF carregado em 40ms (0 KB)
📝 [10:32:06] [NAVEGADOR]: 📦 [ARQUIVO]: NQFUT carregado em 65ms (0 KB)
📝 [10:32:06] [NAVEGADOR]: 🏁 [SISTEMA]: Todos os arquivos base foram baixados. O motor está em ignição!
📝 [10:32:06] [NAVEGADOR]: 📦 [ARQUIVO]: favicon.ico carregado em 5ms (0 KB)
📝 [10:32:06] [NAVEGADOR]: 📦 [ARQUIVO]: collect?v=2&tid=G-CQ7FFRD2SQ&gtm=45je6611v884823007za200zd884823007&_p=1780493526058&gcd=13l3l3l3l1l1&npa=0&dma=0&_eu=AAAAAAQ&are=1&cid=1006347174.1779721657&frm=0&pscdl=noapi&rcb=18&sr=1366x768&uaa=x86&uab=64&uafvl=Chromium%3B148.0.7778.217%7CMicrosoft%2520Edge%3B148.0.3967.96%7CNot%252FA)Brand%3B99.0.0.0&uam=&uamb=0&uap=Windows&uapv=19.0.0&uaw=0&ul=pt-br&_s=1&tag_exp=0~115616986~115938466~115938468~118228215~119027224&sid=1780493018&sct=21&seg=1&dl=http%3A%2F%2Flocalhost%2FGrafico%2Findex.html&dt=Gr%C3%A1ficoFootPrint&en=page_view&_ee=1&tfd=1549 carregado em 179ms (0 KB)
📝 [10:32:39] [NAVEGADOR]: 📦 [ARQUIVO]: dark_minute.png carregado em 315ms (0 KB)
📝 [10:32:39] [NAVEGADOR]: 📦 [ARQUIVO]: dark_point.png carregado em 315ms (0 KB)
📝 [10:32:40] [NAVEGADOR]: 📦 [ARQUIVO]: ESM6 carregado em 50ms (5 KB)
📝 [10:32:49] [NAVEGADOR]: 📦 [ARQUIVO]: ESM6 carregado em 51ms (6 KB)
📝 [10:32:49] [NAVEGADOR]: 📦 [ARQUIVO]: ESM6 carregado em 79ms (0 KB)
📝 [10:52:16] [NAVEGADOR]: 🏗️ [DOM]: Estrutura básica carregada. Iniciando montagem do motor...
📝 [10:52:16] [NAVEGADOR]: 📦 [ARQUIVO]: fonts.css carregado em 13ms (0 KB)
📝 [10:52:16] [NAVEGADOR]: 📦 [ARQUIVO]: app.css?v=fresh_layout carregado em 17ms (0 KB)
📝 [10:52:16] [NAVEGADOR]: 📦 [ARQUIVO]: modal.css carregado em 16ms (0 KB)
📝 [10:52:16] [NAVEGADOR]: 📦 [ARQUIVO]: web.dv.js carregado em 52ms (0 KB)
📝 [10:52:16] [NAVEGADOR]: 📦 [ARQUIVO]: filters.js carregado em 52ms (0 KB)
📝 [10:52:16] [NAVEGADOR]: 📦 [ARQUIVO]: web.cs.js carregado em 54ms (0 KB)
📝 [10:52:16] [NAVEGADOR]: 📦 [ARQUIVO]: WebSocket.js carregado em 56ms (0 KB)
📝 [10:52:16] [NAVEGADOR]: 📦 [ARQUIVO]: modal.js carregado em 57ms (0 KB)
📝 [10:52:16] [NAVEGADOR]: 📦 [ARQUIVO]: tabs.js carregado em 59ms (0 KB)
📝 [10:52:16] [NAVEGADOR]: 📦 [ARQUIVO]: chart.js carregado em 60ms (0 KB)
📝 [10:52:16] [NAVEGADOR]: 📦 [ARQUIVO]: system-controls.js carregado em 62ms (0 KB)
📝 [10:52:16] [NAVEGADOR]: 📦 [ARQUIVO]: recaptcha__pt_br.js carregado em 64ms (0 KB)
📝 [10:52:16] [NAVEGADOR]: 📦 [ARQUIVO]: dark_minute.png carregado em 2ms (0 KB)
📝 [10:52:16] [NAVEGADOR]: 📦 [ARQUIVO]: SEGOEUISL-Cf5d3PPb.TTF carregado em 0ms (0 KB)
📝 [10:52:16] [NAVEGADOR]: 📦 [ARQUIVO]: SEGOEUIB-DczJKTk6.TTF carregado em 0ms (0 KB)
📝 [10:52:16] [NAVEGADOR]: 📦 [ARQUIVO]: NQFUT carregado em 64ms (0 KB)
📝 [10:52:16] [NAVEGADOR]: 📦 [ARQUIVO]: NQFUT carregado em 74ms (0 KB)
📝 [10:52:16] [NAVEGADOR]: 📦 [ARQUIVO]: js?id=G-CQ7FFRD2SQ carregado em 349ms (0 KB)
📝 [10:52:16] [NAVEGADOR]: 🏁 [SISTEMA]: Todos os arquivos base foram baixados. O motor está em ignição!
📝 [10:52:16] [NAVEGADOR]: 📦 [ARQUIVO]: collect?v=2&tid=G-CQ7FFRD2SQ&gtm=45je6611h1v884823007za200zd884823007&_p=1780494736486&gcd=13l3l3l3l1l1&npa=0&dma=0&_eu=AAAAAAQ&are=1&cid=1983032356.1779735185&frm=0&pscdl=noapi&rcb=12&sr=1366x768&uaa=x86&uab=64&uafvl=Chromium%3B148.0.7778.217%7CGoogle%2520Chrome%3B148.0.7778.217%7CNot%252FA)Brand%3B99.0.0.0&uam=&uamb=0&uap=Windows&uapv=19.0.0&uaw=0&ul=pt-br&_s=1&tag_exp=0~115938466~115938468~118228214~119027222~119064590&sid=1780492960&sct=10&seg=1&dl=http%3A%2F%2Flocalhost%2FGrafico%2Findex.html&dr=http%3A%2F%2Flocalhost%3A3000%2FGrafico%2Findex.html&dt=Gr%C3%A1ficoFootPrint&en=page_view&_ee=1&tfd=427 carregado em 79ms (0 KB)
📝 [10:54:06] [NAVEGADOR]: 📦 [ARQUIVO]: chart.js carregado em 46ms (0 KB)
📝 [10:54:06] [NAVEGADOR]: 📦 [ARQUIVO]: system-controls.js carregado em 47ms (0 KB)
📝 [10:54:06] [NAVEGADOR]: 📦 [ARQUIVO]: recaptcha__pt_br.js carregado em 56ms (0 KB)
📝 [10:54:06] [NAVEGADOR]: 🏗️ [DOM]: Estrutura básica carregada. Iniciando montagem do motor...
📝 [10:54:06] [NAVEGADOR]: 📦 [ARQUIVO]: SEGOEUISL-Cf5d3PPb.TTF carregado em 80ms (0 KB)
📝 [10:54:06] [NAVEGADOR]: 📦 [ARQUIVO]: SEGOEUIB-DczJKTk6.TTF carregado em 80ms (0 KB)
📝 [10:54:06] [NAVEGADOR]: 📦 [ARQUIVO]: NQFUT carregado em 80ms (0 KB)
📝 [10:54:06] [NAVEGADOR]: 📦 [ARQUIVO]: js?id=G-CQ7FFRD2SQ carregado em 340ms (0 KB)
📝 [10:54:06] [NAVEGADOR]: 🏁 [SISTEMA]: Todos os arquivos base foram baixados. O motor está em ignição!
📝 [10:54:06] [NAVEGADOR]: 📦 [ARQUIVO]: favicon.ico carregado em 4ms (0 KB)
📝 [10:54:06] [NAVEGADOR]: 📦 [ARQUIVO]: collect?v=2&tid=G-CQ7FFRD2SQ&gtm=45je6611h1v884823007za200zd884823007&_p=1780494846441&gcd=13l3l3l3l1l1&npa=0&dma=0&_eu=AAAAAAQ&are=1&cid=1006347174.1779721657&frm=0&pscdl=noapi&rcb=17&sr=1366x768&uaa=x86&uab=64&uafvl=Chromium%3B148.0.7778.217%7CMicrosoft%2520Edge%3B148.0.3967.96%7CNot%252FA)Brand%3B99.0.0.0&uam=&uamb=0&uap=Windows&uapv=19.0.0&uaw=0&ul=pt-br&_s=1&tag_exp=0~115938466~115938468~118228214~119027224&sid=1780493018&sct=21&seg=1&dl=http%3A%2F%2Flocalhost%2FGrafico%2Findex.html&dt=Gr%C3%A1ficoFootPrint&en=page_view&_ee=1&tfd=2142 carregado em 154ms (0 KB)
📝 [10:54:44] [NAVEGADOR]: 📦 [ARQUIVO]: clear carregado em 346ms (0 KB)
📝 [10:54:44] [NAVEGADOR]: 🏗️ [DOM]: Estrutura básica carregada. Iniciando montagem do motor...
📝 [10:54:44] [NAVEGADOR]: 📦 [ARQUIVO]: fonts.css carregado em 10ms (0 KB)
📝 [10:54:44] [NAVEGADOR]: 📦 [ARQUIVO]: app.css?v=fresh_layout carregado em 13ms (0 KB)
📝 [10:54:44] [NAVEGADOR]: 📦 [ARQUIVO]: modal.css carregado em 13ms (0 KB)
📝 [10:54:44] [NAVEGADOR]: 📦 [ARQUIVO]: web.dv.js carregado em 14ms (0 KB)
📝 [10:54:44] [NAVEGADOR]: 📦 [ARQUIVO]: filters.js carregado em 14ms (0 KB)
📝 [10:54:44] [NAVEGADOR]: 📦 [ARQUIVO]: web.cs.js carregado em 15ms (0 KB)
📝 [10:54:44] [NAVEGADOR]: 📦 [ARQUIVO]: WebSocket.js carregado em 16ms (0 KB)
📝 [10:54:44] [NAVEGADOR]: 📦 [ARQUIVO]: modal.js carregado em 18ms (0 KB)
📝 [10:54:44] [NAVEGADOR]: 📦 [ARQUIVO]: tabs.js carregado em 19ms (0 KB)
📝 [10:54:44] [NAVEGADOR]: 📦 [ARQUIVO]: chart.js carregado em 19ms (0 KB)
📝 [10:54:44] [NAVEGADOR]: 📦 [ARQUIVO]: system-controls.js carregado em 21ms (0 KB)
📝 [10:54:44] [NAVEGADOR]: 📦 [ARQUIVO]: js?id=G-CQ7FFRD2SQ carregado em 21ms (0 KB)
📝 [10:54:44] [NAVEGADOR]: 📦 [ARQUIVO]: recaptcha__pt_br.js carregado em 25ms (0 KB)
📝 [10:54:44] [NAVEGADOR]: 📦 [ARQUIVO]: dark_minute.png carregado em 2ms (0 KB)
📝 [10:54:44] [NAVEGADOR]: 📦 [ARQUIVO]: SEGOEUISL-Cf5d3PPb.TTF carregado em 0ms (0 KB)
📝 [10:54:44] [NAVEGADOR]: 📦 [ARQUIVO]: SEGOEUIB-DczJKTk6.TTF carregado em 0ms (0 KB)
📝 [10:54:44] [NAVEGADOR]: 🏁 [SISTEMA]: Todos os arquivos base foram baixados. O motor está em ignição!
📝 [10:54:44] [NAVEGADOR]: 📦 [ARQUIVO]: NQFUT carregado em 44ms (2 KB)
📝 [10:54:44] [NAVEGADOR]: 📦 [ARQUIVO]: NQFUT carregado em 74ms (2 KB)
📝 [10:54:44] [NAVEGADOR]: 📦 [ARQUIVO]: collect?v=2&tid=G-CQ7FFRD2SQ&gtm=45je6611h1v884823007za200zd884823007&_p=1780494884620&gcd=13l3l3l3l1l1&npa=0&dma=0&_eu=AAAAAAQ&are=1&cid=1983032356.1779735185&frm=0&pscdl=noapi&rcb=3&sr=1366x768&uaa=x86&uab=64&uafvl=Chromium%3B148.0.7778.217%7CGoogle%2520Chrome%3B148.0.7778.217%7CNot%252FA)Brand%3B99.0.0.0&uam=&uamb=0&uap=Windows&uapv=19.0.0&uaw=0&ul=pt-br&_s=1&tag_exp=0~115938466~115938469~118012007~118228214~119027222&sid=1780492960&sct=10&seg=1&dl=http%3A%2F%2Flocalhost%2FGrafico%2Findex.html&dr=http%3A%2F%2Flocalhost%3A3000%2FGrafico%2Findex.html&dt=Gr%C3%A1ficoFootPrint&en=page_view&_ee=1&tfd=312 carregado em 66ms (0 KB)
📝 [10:54:49] [NAVEGADOR]: 📦 [ARQUIVO]: collect?v=2&tid=G-CQ7FFRD2SQ&gtm=45je6611h1v884823007za200zd884823007&_p=1780494884620&gcd=13l3l3l3l1l1&npa=0&dma=0&_eu=AEAAAAQ&ae=a&are=1&cid=1983032356.1779735185&frm=0&pscdl=noapi&rcb=3&sr=1366x768&uaa=x86&uab=64&uafvl=Chromium%3B148.0.7778.217%7CGoogle%2520Chrome%3B148.0.7778.217%7CNot%252FA)Brand%3B99.0.0.0&uam=&uamb=0&uap=Windows&uapv=19.0.0&uaw=0&ul=pt-br&_s=2&tag_exp=0~115938466~115938469~118012007~118228214~119027222&sid=1780492960&sct=10&seg=1&dl=http%3A%2F%2Flocalhost%2FGrafico%2Findex.html&dr=http%3A%2F%2Flocalhost%3A3000%2FGrafico%2Findex.html&dt=Gr%C3%A1ficoFootPrint&en=scroll&epn.percent_scrolled=90&_et=8&tfd=5318 carregado em 68ms (0 KB)
📝 [10:55:14] [NAVEGADOR]: 📦 [ARQUIVO]: dark_point.png carregado em 6ms (0 KB)
📝 [10:55:16] [NAVEGADOR]: 📦 [ARQUIVO]: MNQM6 carregado em 116ms (40 KB)
📝 [10:56:51] [NAVEGADOR]: 📦 [ARQUIVO]: MNQM6 carregado em 651ms (122 KB)
📝 [10:56:52] [NAVEGADOR]: 📦 [ARQUIVO]: MNQM6 carregado em 978ms (122 KB)
📝 [11:00:00] [NAVEGADOR]: 📦 [ARQUIVO]: dark_point.png carregado em 308ms (0 KB)
